-159.322639,22.059585,Snorkel Bob's Kapaa,"4-734 Kuhio Hwy.
Kapaa, HI 96746
Phone: 808-823-9433"
-159.466019,21.899167,Snorkel Bob's Koloa,"3236 Poipu Rd.
Koloa, HI 
Phone: 808-742-2206"
-157.814014,21.279166,Snorkel Bob's Oahu,"700 Kapahulu Ave.
Honolulu, HI 96816
Phone: 808-735-7944"
-156.676793,20.874339,Snorkel Bob's Lahaina,"180 Dickenson St. (Corner of Wainee & Dickenson)
Lahaina, HI 96761
Phone: 808-662-0104"
-156.665436,20.994736,Snorkel Bob's Napili,"5425 C Lower Honoapiilani Hwy.
Lahaina, HI 96761
Phone: 808-669-9603"
-156.44668,20.719601,Snorkel Bob's Wailea/South Kihei,"Kamaole Beach Center, 2411 S. Kihei Road
Kihei, HI 96753
Phone: 808-879-7449"
-156.455284,20.748838,Snorkel Bob's North Kihei,"Azeka Place 2, 1279 S. Kihei Road #310
Kihei, HI 96753
Phone: 808-875-6188"
-155.989634,19.632136,Snorkel Bob's Kona,"75-5831 Kahakai St.
Kailua-Kona, HI 96740
Phone: 808-329-0770"
-156.016033,19.68669,Snorkel Bob's Kaloko,"73-4976 Kamanu St
Kailua Kona, HI 96740
Phone: 808-329-0771"
