Longitude,Latitude,location,Info
-116.22777,33.71504,ARCO - 82338 HIGHWAY 111,"INDIO CA 92201
(760) 342-8138"
-116.29458,33.71358,ARCO - 46150 WASHINGTON STREET,"LA QUINTA CA 92253
(760) 343-7112"
-116.29703,33.76075,ARCO - 78355 VARNER RD,"PALM DESERT CA 92211
(760) 346-8571"
-116.3743,33.72141,ARCO - 73980 HIGHWAY 111,"PALM DESERT CA 92260
(760) 346-8571"
-116.38835,33.80823,ARCO - 32975 MONTEREY AVE,"THOUSAND PALMS CA 92276
(951) 233-8581"
-116.40158,34.12716,ARCO - 57858 29 PALMS HWY,"YUCCA VALLEY CA 92284
(760) 228-1301"
-116.45828,33.84797,ARCO - 27900 DATE PALM DRIVE,"CATHEDRAL CITY CA 92234
(760) 322-4421"
-116.46718,33.81603,ARCO - 68500 RAMON RD,"CATHEDRAL CITY CA 92234
(760) 770-4134"
-116.50144,33.9556,ARCO - 12775 PALM DRIVE,"DESERT HOT SPRINGS CA 92240
(760) 329-3138"
-116.50159,33.90322,ARCO - 22755 PALM DRIVE,"DESERT HOT SPRINGS CA 92240
(760) 251-4134"
-116.52788,33.84468,ARCO - 1717 E VISTA CHINO,"PALM SPRINGS CA 92262
(760) 416-1031"
-116.78018,33.91788,ARCO - 300 N FERN STREET,"CABAZON CA 92230
(951) 849-4512"
-116.86889,33.04198,ARCO - 1015 MAIN STREET,"RAMONA CA 92065
(760) 789-3830"
-116.90122,33.92543,ARCO - 2228 W RAMSEY STREET,"BANNING CA 92220
(951) 849-2515"
-116.93069,32.85599,ARCO - 12109 WOODSIDE AVE,"LAKESIDE CA 92040
(619) 561-2193"
-116.93108,32.79989,ARCO - 1410 E MAIN STREET,"EL CAJON CA 92021
(619) 442-1621"
-116.93132,32.85232,ARCO - 9606 WINTER GARDENS,"LAKESIDE CA 92040
(619) 443-5333"
-116.93551,32.80428,ARCO - 725 N 2ND STREET,"EL CAJON CA 92021
(619) 579-1303"
-116.94246,32.55366,ARCO - 2510 OTAY CENTER DRIVE,"SAN DIEGO CA 92154
(619) 661-7242"
-116.94461,32.78764,ARCO - 1484 E WASHINGTON BV,"EL CAJON CA 92020
(619) 442-7317"
-116.94945,33.74751,ARCO - 2105 E FLORIDA AVE,"HEMET CA 92544
"
-116.95082,32.8012,ARCO - 593 N MOLLISON AVE,"EL CAJON CA 92021
(619) 579-5023"
-116.95788,32.78749,ARCO - 700 AVOCADO RD,"EL CAJON CA 92020
(619) 588-0937"
-116.95876,33.78046,ARCO - 687 S SAN JACINTO AVE,"SAN JACINTO
(909) 654-9499"
-116.96217,32.81887,ARCO - 1525 N MAGNOLIA AVE,"EL CAJON CA 92020
(619) 442-2931"
-116.96244,32.81873,ARCO - 1518 N MAGNOLIA AVE,"EL CAJON CA 92020
(619) 447-6348"
-116.96759,32.79458,ARCO - 489 W MAIN STREET,"EL CAJON CA 92020
(619) 588-2251"
-116.97144,32.79141,ARCO - 398 EL CAJON BLVD,"EL CAJON CA 92020
(619) 588-2043"
-116.97162,33.75791,ARCO - 690 N STATE STREET,"HEMET CA 92543
 (951) 658-9677"
-116.97223,33.79507,ARCO - 833 N RAMONA BLVD,"SAN JACINTO CA 92582
(909) 654-0944"
-116.97633,33.72952,ARCO - 500 W STETSON AVE,"HEMET CA 92543
(951) 766-9244"
-116.97976,32.80816,ARCO - 978 CUYAMACA STREET,"EL CAJON CA 92020
(619) 448-9284"
-116.98342,32.83847,ARCO - 9811 MISSION GORGE,"SANTEE CA 92071
(619) 596-1672"
-116.99024,32.77983,ARCO - 9600 MURRAY DRIVE,"LA MESA CA 91942
(619) 589-9842"
-116.99648,32.84128,ARCO - 9009 CAROLTON HILLS,"SANTEE CA 92071
(619) 596-1505"
-116.99667,32.56706,ARCO - 1625 HERITAGE RD,"SAN DIEGO CA 92154
(619) 661-0045"
-117.00117,32.75147,ARCO - 9108 CAMPO RD,"SPRING VALLEY CA 91977
(619) 462-5385"
-117.00182,32.75134,ARCO - 9065 CAMPO RD,"SPRING VALLEY CA 91977
(619) 462-7666"
-117.02188,32.76781,ARCO - 4925 SPRING STREET,"LA MESA CA 91941
(619) 337-0326"
-117.02613,32.74276,ARCO - 8001 BROADWAY,"LEMON GROVE CA 91945
(619) 464-6493"
-117.02633,32.76522,ARCO - 7974 UNIVERSITY AVE,"LA MESA CA 91941
(619) 469-2310"
-117.03144,32.7351,ARCO - 2717 LEMON GROVE AVE,"LEMON GROVE CA 91945
(619) 589-2058"
-117.03365,32.76034,ARCO - 7594 UNIVERSITY AVE,"LA MESA CA 91941
(619) 460-1952"
-117.03383,32.58401,ARCO - 4604 PALM AVE,"SAN DIEGO CA 92154
(619) 690-5405"
-117.04263,32.74577,ARCO - 3775 MASSACHUSETTS A,"LA MESA CA 91941
(619) 697-8174"
-117.04629,32.62859,ARCO - 401 TELEGRAPH CANYON,"CHULA VISTA CA 91910
(619) 426-1029"
-117.04804,34.03403,ARCO - 34696 YUCAIPA BLVD,"YUCAIPA CA 92399
(909) 790-3975"
-117.0496,32.74096,ARCO - 6901 FEDERAL BLVD,"LEMON GROVE CA 91945
(619) 465-6152"
-117.0588,33.13029,ARCO - 1550 E GRAND AVE,"ESCONDIDO CA 92027
(760) 741-5960"
-117.06284,32.76363,ARCO - 6301 EL CAJON BLVD,"SAN DIEGO CA 92115
(619) 582-3013"
-117.0646,32.75296,ARCO - 6098 UNIVERSITY AVE,"SAN DIEGO CA 92115
(619) 582-9370"
-117.06489,32.59491,ARCO - 3190 MAIN STREET,"CHULA VISTA CA 91911
(619) 654-4940"
-117.07337,32.6242,ARCO - 798 3RD AVE,"CHULA VISTA CA 91910
(619) 422-4319"
-117.07395,32.68183,ARCO - 1139 HARBISON AVE,"NATIONAL CITY CA 91950
(619) 267-8693"
-117.07465,32.59414,ARCO - 1725 BROADWAY,"CHULA VISTA CA 91911
(619) 429-1631"
-117.07478,33.02266,ARCO - 11891 RANCHO BERNARDO RD,"SAN DIEGO CA 92128
(858) 487-1565"
-117.07681,33.73956,ARCO - 33440 CA HWY 74,"HEMET CA 92545
(951) 926-5132"
-117.08345,33.11591,ARCO - 434 W 5TH AVE,"ESCONDIDO CA 92025
(760) 745-2087"
-117.08484,32.72467,ARCO - 1817 EUCLID AVE,"SAN DIEGO CA 92105
(619) 263-7154"
-117.08521,32.58367,ARCO - 2255 PALM AVE,"SAN DIEGO CA 92154
(619) 423-7374"
-117.08566,32.64367,ARCO - 407 E STREET,"CHULA VISTA CA 91910
(619) 422-4214"
-117.08805,32.60423,ARCO - 800 PALOMAR STREET,"CHULA VISTA CA 91911
(619) 424-7040"
-117.08819,33.12578,ARCO - 300 W WASHINGTON AVE,"ESCONDIDO CA 92025
(760) 737-2984"
-117.08898,32.67664,ARCO - 1606 PLAZA BLVD,"NATIONAL CITY CA 91950
(619) 336-1859"
-117.09285,32.58408,ARCO - 1890 PALM AVE,"SAN DIEGO CA 92154
(619) 429-0964"
-117.09575,32.67007,ARCO - 1734 HIGHLAND AVE,"NATIONAL CITY CA 91950
(619) 477-1383"
-117.09589,33.11596,ARCO - 100 LA TERRAZA BLVD,"ESCONDIDO CA 92025
(760) 738-8591"
-117.09606,32.94754,ARCO - 12610 SABRE SPRINGS,"SAN DIEGO CA 92128
(858) 486-1782"
-117.09719,33.14405,ARCO - 450 W EL NORTE PKWY,"ESCONDIDO CA 92026
(760) 716-6116"
-117.09782,32.78997,ARCO - 6404 MISSION GORGE R,"SAN DIEGO CA 92120
(619) 284-2181"
-117.09872,32.64001,ARCO - 765 E STREET,"CHULA VISTA CA 91910
(619) 585-1048"
-117.10054,32.93785,ARCO - 12033A SCRIPPS SUMMIT DRIVE,"SAN DIEGO CA 92131
(858) 621-6337"
-117.102012,33.48106,ARCO - 44239 MARGARITA RD,"TEMECULA CA 92592
(909) 303-1530"
-117.10838,32.67558,ARCO - 133 W 8TH STREET,"NATIONAL CITY CA 91950
(619) 474-5943"
-117.10857,32.58368,ARCO - 1185 PALM AVE,"IMPERIAL BEACH CA 91932
(619) 429-4628"
-117.11824,32.89343,ARCO - 9393 KEARNEY MESA RD,"SAN DIEGO CA 92126
(858) 693-7234"
-117.12183,33.13107,ARCO - 538 N NORDAHL RD,"ESCONDIDO CA 92029
(760) 738-7226"
-117.12218,32.89911,ARCO - 9720 CARROLL CTR RD,"SAN DIEGO CA 92126
(858) 695-3894"
-117.1237,32.74837,ARCO - 3255 UNIVERSITY AVE,"SAN DIEGO CA 92104
(619) 280-0753"
-117.12757,33.19649,ARCO - 26915 MESA ROCK RD,"ESCONDIDO CA 92026
(760) 737-9387"
-117.13764,32.83165,ARCO - 8820 CLAIRMONT MESA,"SAN DIEGO CA 92123
(858) 569-0629"
-117.13993,32.70649,ARCO - 2502 IMPERIAL AVE,"SAN DIEGO CA 92102
(619) 702-4180"
-117.14198,33.48126,ARCO - 44987 OLD TOWN FRONT STREET,"TEMECULA CA 92590
(951) 699-1520"
-117.14864,33.53302,ARCO - 40212 WINCHESTER RD,"TEMECULA CA 92591
(951) 506-9238"
-117.14917,33.50335,ARCO - 27691 YNEZ RD,"TEMECULA CA 92591
(909) 699-5673"
-117.15393,33.74237,ARCO - 26050 MENIFEE RD,"ROMOLAND CA 92585
(951) 926-5132"
-117.15853,33.15412,ARCO - 1187 W SAN MARCOS BLVD,"SAN MS CA 92069
(760) 471-6277"
-117.17183,32.87793,ARCO - 6616 MIRAMAR RD,"SAN DIEGO CA 92121
(858) 457-2718"
-117.17678,34.05681,ARCO - 539 E REDLANDS BLVD,"REDLANDS CA 92373
(909) 793-0698"
-117.17871,33.937,ARCO - 12611 MORENO BEACH D,"MORENO VALLEY CA 92555
(951) 485-0268"
-117.18239,34.0642,ARCO - 902 ORANGE STREET,"REDLANDS CA 92374
(909) 307-6247"
-117.19078,33.68489,ARCO - 26925 NEWPORT ROAD,"MENIFEE CA 92584
(951) 679-2654"
-117.193,32.74867,ARCO - 3860 OLD TOWN AVE,"SAN DIEGO CA 92110
(619) 291-1947"
-117.20186,32.83141,ARCO - 4202 CLAIREMONT MESA,"SAN DIEGO CA 92117
(858) 272-5274"
-117.20733,33.56334,ARCO - 24625 MADISON AVE,"MURRIETA CA 92562
(951) 461-8688"
-117.20797,34.10769,ARCO - 27323 5TH STREET,"HIGHLAND CA 92346
(909) 864-5442"
-117.21082,33.823,ARCO - 23261 CAJALCO EXPRWY,"PERRIS CA 92571
(951) 940-9200"
-117.21191,32.74406,ARCO - 2940 LYTTON STREET,"SAN DIEGO CA 92110
(619) 226-1553"
-117.21512,33.16617,ARCO - 625 SYCAMORE AVE,"VISTA CA 92083
(760) 727-8965"
-117.22333,33.18469,ARCO - 1403 S SANTA FE AVE,"VISTA CA 92083
(760) 724-1660"
-117.22468,33.78252,ARCO - 268 E 4TH STREET,"PERRIS CA 92570
"
-117.22583,33.29013,ARCO - 5555 MISSION RD,"BONSALL CA 92003
(760) 726-2628"
-117.22596,33.88146,ARCO - 16466 PERRIS BLVD,"MORENO VALLEY CA 92551
(909) 247-2668"
-117.22616,33.84523,ARCO - 4040 N PERRIS BLVD,"PERRIS CA 92571
(951) 943-1330"
-117.22617,34.04833,ARCO - 26526 BARTON RD,"LOMA LINDA CA 92354
(909) 335-9176"
-117.22674,33.93898,ARCO - 24991 SUNNYMEAD,"MORENO CA 92553
"
-117.22719,32.72684,ARCO - 1551 ROSECRANS STREET,"SAN DIEGO CA 92106
(619) 226-1553"
-117.23908,32.93387,ARCO - 3170 CARMEL VALLEY R,"SAN DIEGO CA 92130
(858) 793-0626"
-117.24032,33.16688,ARCO - 1590 S MELSROSE DRIVE,"VISTA CA 92081
(760) 599-7057"
-117.24314,34.12115,ARCO - 25717 E BASELINE STREET,"SAN BERNARDINO CA 92410
"
-117.24369,33.94013,ARCO - 12428 HEACOCK STREET,"MORENO CA 92553
(951) 924-6361"
-117.24612,33.92491,ARCO - 23501 ALLESANDRO BLVD,"MORENO CA 92553
(951) 653-0605"
-117.24723,33.59483,ARCO - 36228 HIDDEN SPRG RD,"WILDOMAR CA 92595
(951) 678-3355"
-117.24763,32.74494,ARCO - 1902 SUNSET CLIFFSLV,"OCEAN BEACH CA 92107
(619) 226-1108"
-117.2515,33.37183,ARCO - 1161 S MAIN STREET,"FALLBROOK CA 92028
(760) 723-0900"
-117.25653,32.97954,ARCO - 660 VIA DE LA VALLE,"SOLANA BEACH CA 92075
(858) 481-2849"
-117.2584,32.80868,ARCO - 833 TURQUOISE STREET,"SAN DIEGO CA 92109
(858) 488-5746"
-117.25889,33.22027,ARCO - 1501 MELROSE DRIVE,"OCEANSIDE CA 92056
(760) 806-4445"
-117.25948,33.94227,ARCO - 23145 HEMLOCK AVE,"MORENO VALLEY CA 92557
(951) 485-4849"
-117.26106,34.06593,ARCO - 1945 S TIPPECANOE AVE,"SAN BERNARDINO CA 92408
(909) 478-1074"
-117.26166,33.9174,ARCO - 22990 ALLESANDRO BLVD,"MORENO VALLEY CA 92553
(951) 653-6756"
-117.27519,33.62755,ARCO - 33986 ORANGE STREET,"WILDOMAR CA 92595
(951) 245-1590"
-117.27645,33.02583,ARCO - 633 BIRMINGHAM DRIVE,"CARDIFF BY THE SEA CA 92007
(760) 580-9458"
-117.28101,34.16481,ARCO - 247 E 40TH STREET,"SAN BERNARDINO CA 92404
"
-117.28593,33.91701,ARCO - 2624 E ALESSANDRO BLVD,"RIVERSIDE CA 92508
(951) 656-2676"
-117.29268,33.1826,ARCO - 3804 PLAZA DRIVE,"OCEANSIDE CA 92056
(760) 724-6165"
-117.29423,34.15109,ARCO - 3296 N E STREET,"SAN BERNARDINO CA 92405
(909) 883-6285"
-117.2996,33.66067,ARCO - 250 DIAMOND DRIVE,"LAKE ELSINORE CA 92530
(951) 674-7465"
-117.30061,34.12147,ARCO - 794 W BASELINE STREET,"SAN BERNARDINO CA 92408
(909) 381-9117"
-117.30511,34.1359,ARCO - 995 W HIGHLAND AVE,"SAN BERNARDINO CA 92405
(909) 886-7036"
-117.30595,34.04726,ARCO - 1240 E WASHINGTON STREET,"COLTON CA 92324
"
-117.32284,33.24317,ARCO - 607 DOUGLAS DRIVE,"OCEANSIDE CA 92054
(760) 966-0938"
-117.32931,33.66835,ARCO - 200 W GRAHAM STREET,"LAKE ELSINORE CA 92530
(626) 967-4561"
-117.33468,34.16233,ARCO - 3890 N UNIVRSTY PKWY,"SAN BERNARDINO CA 92407
(909) 880-6390"
-117.33783,33.15168,ARCO - 810 TAMARACK AVE,"CARLSBAD CA 92008
(760) 730-1549"
-117.33904,34.13593,ARCO - 2187 W HIGHLAND AVE,"SAN BERNARDINO CA 92407
(909) 473-0269"
-117.33974,33.97547,ARCO - 1294 UNIVERSITY AVE,"RIVERSIDE CA 92507
"
-117.35042,33.88476,ARCO - 17905 VAN BUREN BLVD,"RIVERSIDE CA 92508
(909) 776-0011"
-117.35376,33.19521,ARCO - 1990 OCEANSIDE BLVD,"OCEANSIDE CA 92054
(760) 754-3334"
-117.3596,33.70596,ARCO - 19930 COLLIER AVE,"LAKE ELSINORE
(951) 471-1520"
-117.36203,34.1929,ARCO - 3225 LITTLE LEAGUE,"SAN BERNARDINO CA 92407
(909) 880-1549"
-117.3664,34.10689,ARCO - 280 E FOOTHILL,"RIALTO CA 92376
(909) 874-3022"
-117.36831,34.04186,ARCO - 3368 S RIVERSIDE AVE,"BLOOMINGTON CA 92316
(951) 683-3945"
-117.36969,33.6575,ARCO - 16851 LAKE SHORE DRIVE,"LAKE ELSINORE CA 92530
(951) 245-2866"
-117.37051,34.09269,ARCO - 484 S RIVERSIDE AVE,"RIALTO CA 92376
(909) 820-6607"
-117.37065,34.07035,ARCO - 111 W VALLEY BLVD,"RIALTO CA 92376
(909) 874-3023"
-117.3796,33.97682,ARCO - 4395 MARKET STREET,"RIVERSIDE CA 92501
"
-117.38382,33.20103,ARCO - 802 N COAST HWY,"OCEANSIDE CA 92054
(760) 439-1354"
-117.38994,33.95343,ARCO - 3570 CENTRAL,"RIVERSIDE CA 92506
(951) 784-9046"
-117.39285,33.95368,ARCO - 3659 CENTRAL AVE,"RIVERSIDE CA 92506
(951) 787-8304"
-117.43229,34.01273,ARCO - 3685 VALLEY WAY,"RUBIDOUX CA 92509
(951) 685-9500"
-117.43554,34.07082,ARCO - 10087 SIERRA AVE,"FONTANA CA 92335
(909) 357-0398"
-117.43588,34.09236,ARCO - 8898 SIERRA AVE,"FONTANA CA 92335
(909) 822-0293"
-117.44119,33.91395,ARCO - 3399 VAN BUREN BLVD,"RIVERSIDE CA 92503
"
-117.45152,33.92619,ARCO - 4196 VAN BUREN BLVD,"RIVERSIDE CA 92503
(951) 687-1653"
-117.45286,34.06315,ARCO - 16120 SLOVER AVE,"FONTANA CA 92337
(909) 822-4500"
-117.45378,33.93508,ARCO - 4975 VAN BUREN BLVD,"RIVERSIDE CA 92503
(909) 354-9131"
-117.45399,34.10668,ARCO - 16090 FOOTHILL BLVD,"FONTANA CA 92335
(909) 829-6462"
-117.45423,33.93476,ARCO - 4930 VAN BUREN BLVD,"RIVERSIDE CA 92503
(951) 352-0630"
-117.48768,34.1067,ARCO - 14534 FOOTHILL BLVD,"FONTANA CA 92335
(909) 357-1392"
-117.48788,33.77449,ARCO - 23760 TEMESCAL CANYON RD,"CORONA CA 92883
(951) 277-2955"
-117.49048,33.89564,ARCO - 11887 MAGNOLIA AVE,"RIVERSIDE CA 92503
"
-117.50352,34.00605,ARCO - 10015 BELLEGRAVE AVE,"RIVERSIDE CA 92509
(951) 685-5949"
-117.50608,34.1062,ARCO - 8127 MULBERRY AVE,"FONTANA CA 92335
(909) 427-9589"
-117.5146,33.8821,ARCO - 3830 MCKINLEY STREET,"CORONA CA 92879
(951) 279-7547"
-117.53772,34.13518,ARCO - 12280 HIGHLAND AVE,"RANCHO CUCAMONGA CA 91739
(909) 463-2882"
-117.54272,34.07708,ARCO - 5020 E 4TH STREET,"ONTARIO CA 91764
(909) 481-1041"
-117.54818,34.1066,ARCO - 11768 FOOTHILL BLVD,"RANCHO CUCAMONGA CA 91730
(909) 476-0696"
-117.55747,33.93556,ARCO - 3700 HAMNER AVE,"NORCO CA 92860
"
-117.55869,33.87451,ARCO - 702 E 6TH STREET,"CORONA CA 92879
(951) 278-4390"
-117.55974,33.91972,ARCO - 2600 HAMNER AVE,"NORCO CA 92860
(951) 371-6571"
-117.56355,33.89225,ARCO - 785 N MAIN STREET,"CORONA CA 92880
(951) 734-2550"
-117.56723,33.86887,ARCO - 1205 S MAIN STREET,"CORONA CA 92882
(951) 340-3430"
-117.57303,33.87597,ARCO - 624 W 6TH STREET,"CORONA CA 92882
(951) 340-0028"
-117.57599,34.08535,ARCO - 9280 HAVEN AVENUE,"RANCHO CUCAMONGA CA 91730
(909) 980-3127"
-117.58719,34.10516,ARCO - 9805 6TH STREET,"RANCHO CUCAMONGA CA 91730
(909) 941-2998"
-117.58949,34.10681,ARCO - 9888 FOOTHILL BLVD,"RANCHO CUCAMONGA CA 91730
(909) 476-0367"
-117.59358,33.86333,ARCO - 800 SERFAS CLUB DR/9,"CORONA CA 92882
(951) 280-3830"
-117.59364,34.07086,ARCO - 729 N ARCHIBALD AVE,"ONTARIO CA 91764
(909) 390-9299"
-117.59669,34.07617,ARCO - 905 S GROVE AVE,"ONTARIO CA 91764
(951) 673-9673"
-117.59991,33.87918,ARCO - 1735 W 6TH STREET,"CORONA CA 92882
(951) 371-5261"
-117.60564,33.63365,ARCO - 29880 SANTA MARGARITA PKWY,"SANTA MARGARITA CA 92688
(949) 546-0200"
-117.61113,34.02898,ARCO - 2456 S VINEYARD AVE,"ONTARIO CA 91761
(909) 923-9633"
-117.62065,34.07777,ARCO - 1565 E 4TH STREET,"ONTARIO CA 91764
(951) 988-9200"
-117.62864,34.03518,ARCO - 2156 S GROVE AVE,"ONTARIO CA 91761
(909) 947-1642"
-117.62938,34.07814,ARCO - 1245 E 4TH STREET,"ONTARIO CA 91764
(951) 986-7370"
-117.64424,33.4411,ARCO - 2749 N EL CAMINO REAL,"SAN CLEMENTE CA 92672
(949) 492-8722"
-117.65066,34.06745,ARCO - 434 N EUCLID AVE,"ONTARIO CA 91762
(909) 984-1522"
-117.65118,34.02927,ARCO - 2430 S EUCLID AVE,"ONTARIO CA 91762
(909) 986-1320"
-117.65656,33.45797,ARCO - 590 CAMINO DE ESTREL,"SAN CLEMENTE CA 92672
(949) 489-1247"
-117.66047,34.10711,ARCO - 775 W FOOTHILL BLVD,"UPLAND CA 91786
(909) 920-1188"
-117.66755,34.03171,ARCO - 12201 MOUNTAIN AVE,"CHINO CA 91710
(909) 986-5770"
-117.66885,34.05624,ARCO - 1054 W. MISSION BLVD,"ONTARIO CA 91762
(909) 984-4206"
-117.67005,34.10294,ARCO - 782 N MOUNTAIN AVE,"UPLAND CA 91786
(909) 982-2785"
-117.67038,34.09906,ARCO - 475 N MOUNTAIN AVE,"UPLAND CA 91786
(909) 579-0620"
-117.67573,33.59924,ARCO - 26001 LA PAZ RD,"MISSION VIEJO CA 92691
(949) 768-3464"
-117.67883,33.61503,ARCO - 23921 ALICIA PARKWAY,"MISSION VIEJO CA 92691
(949) 768-9229"
-117.68904,34.00509,ARCO - 13691 CENTRAL AVE,"CHINO CA 91710
(909) 628-3512"
-117.68916,34.02877,ARCO - 12345 CENTRAL AVE,"CHINO CA 91710
(909) 628-6089"
-117.68976,34.06985,ARCO - 10120 CENTRAL AVE,"MONTCLAIR CA 91763
(909) 398-1720"
-117.68978,34.07818,ARCO - 9690 CENTRAL AVE,"MONTCLAIR CA 91763
(909) 398-1891"
-117.68993,34.05567,ARCO - 5281 MISSION BLVD,"MONTCLAIR CA 91763
(909) 548-4445"
-117.69001,33.97199,ARCO - 5280 FAIRFIELD RANCH,"CHINO CA 91709
(909) 393-9146"
-117.69782,34.07384,ARCO - 4910 HOLT BLVD,"MONTCLAIR CA 91763
(909) 445-0444"
-117.70702,34.03335,ARCO - 12100 RAMONA AVE,"CHINO CA 91710
(909) 591-2527"
-117.70804,33.56484,ARCO - 27491 LA PAZ RD,"LAGUNA NIGUEL CA 92677
(949) 831-4108"
-117.71457,33.98249,ARCO - 4123 CHINO HILLS PIKE,"CHINO CA 91709
(909) 393-8826"
-117.72136,33.87197,ARCO - 23611 LA PALMA AVE,"YORBA LINDA CA 92887
(714) 692-1653"
-117.73137,34.02697,ARCO - 2488 RESERVOIR STREET,"POMONA CA 91766
(909) 591-3534"
-117.73666,34.09051,ARCO - 2510 N TOWNE AVE,"POMONA CA 91767
(909) 625-1593"
-117.73686,34.06257,ARCO - 698 E HOLT AVE,"POMONA CA 91767
(909) 623-8020"
-117.73943,34.10734,ARCO - 539 E FOOTHILL BLVD,"POMONA CA 91766
(909) 447-4161"
-117.74051,34.02596,ARCO - 2505 TOWNE AVE,"POMONA CA 91766
(909) 621-5317"
-117.74924,34.0267,ARCO - 2475 S GAREY AVE,"POMONA CA 91766
(909) 591-7845"
-117.74942,34.04388,ARCO - 1510 GAREY AVE,"POMONA CA 91766
(909) 868-7125"
-117.78016,33.65419,ARCO - 6501 QUAIL HILL PKWY,"IRVINE CA 92603
(714) 231-3141"
-117.82227,33.7879,ARCO - 2937 E CHAPMAN AVE.,"ORANGE CA 92869
(714) 633-9032"
-117.82524,33.73534,ARCO - 14121 NEWPORT AVE,"TUSTIN CA 92780
(714) 838-3879"
-117.82943,34.10688,ARCO - 1115 W ARROW HWY,"SAN DIMAS CA 91773
(909) 592-3561"
-117.8359,33.78821,ARCO - 100 N TUSTIN AVE,"ORANGE CA 92867
(714) 997-9381"
-117.84191,33.90438,ARCO - 1201 E IMPERIAL HWY,"PLACENTIA CA 92870
(714) 993-0070"
-117.84549,33.80927,ARCO - 825 E KATELLA AVE,"ORANGE CA 92867
(714) 538-7160"
-117.84734,34.10687,ARCO - 857 E ARROW HWY,"GLENDORA CA 91740
(626) 335-5367"
-117.84743,33.96773,ARCO - 3302 S DIAMOND BAR BLVD,"DIAMOND BAR CA 91765
(909) 598-8622"
-117.84942,33.70873,ARCO - 1727 E DYER RD,"SANTA ANA CA 92705
(949) 955-9555"
-117.85056,33.74302,ARCO - 324 S GRAND AVE,"SANTA ANA CA 92701
(714) 541-0788"
-117.85313,33.81134,ARCO - 1448 N GLASSELL STREET,"ORANGE CA 92867
(714) 771-6022"
-117.85323,33.79462,ARCO - 480 N GLASSELL STREET,"ORANGE CA 92866
(714) 633-9374"
-117.85342,33.7454,ARCO - 1222 E FIRST STREET,"SANTA ANA CA 92701
(714) 953-6918"
-117.85629,33.72805,ARCO - 1539 S STANDARD AVE,"SANTA ANA CA 92707
(714) 973-0569"
-117.86342,34.12895,ARCO - 103 E ALOSTA AVE,"GLENDORA CA 91740
(626) 335-6716"
-117.86559,33.88779,ARCO - 102 E YORBA LINDA BLVD,"PLACENTIA CA 92870
(714) 996-5071"
-117.86775,33.71653,ARCO - 2245 S MAIN STREET,"SANTA ANA CA 92707
(714) 751-2187"
-117.86987,33.74532,ARCO - 302 W FIRST STREET,"SANTA ANA CA 92701
(714) 836-5553"
-117.87039,33.99735,ARCO - 1010 FAIRWAY DRIVE,"WALNUT CA 91789
(909) 598-3552"
-117.87388,33.66074,ARCO - 2100 SE BRISTOL STREET,"NEWPORT BEACH CA 92660
(949) 756-1731"
-117.87903,33.87442,ARCO - 401 N PLACENTIA AVE,"FULLERTON CA 92831
(714) 993-9111"
-117.88076,33.91059,ARCO - 2840 E IMPERIAL HWY,"FULLERTON CA 92835
(714) 529-6433"
-117.88144,33.81822,ARCO - 2445 E BALL RD,"ANAHEIM CA 92806
(714) 772-9352"
-117.88187,33.66665,ARCO - 300 BRISTOL STREET,"COSTA MESA CA 92626
(714) 549-1849"
-117.88496,33.75165,ARCO - 801 N BRISTOL STREET,"SANTA ANA CA 92703
(714) 541-1665"
-117.88831,33.67959,ARCO - 751A BAKER STREET,"COSTA MESA CA 92626
(714) 545-1132"
-117.88841,33.67051,ARCO - 3003 NEWPORT BLVD,"COSTA MESA CA 92626
(714) 966-3003"
-117.89105,33.8598,ARCO - 2351 E ORANGETHORPE AVE,"FULLERTON CA 92831
(714) 446-9701"
-117.89692,33.75975,ARCO - 2016 W 17TH STREET,"SANTA ANA CA 92706
(714) 543-2288"
-117.90012,33.82989,ARCO - 727 S EAST STREET,"ANAHEIM CA 92805
(714) 772-1836"
-117.90021,33.91623,ARCO - 120 E IMPERIAL HWY,"BREA CA 92821
(714) 529-9816"
-117.90546,33.7344,ARCO - 2730 W MCFADDEN AVE,"SANTA ANA CA 92704
(714) 641-0640"
-117.90656,33.85944,ARCO - 1202 E ORANGETHORPE,"FULLERTON CA 92831
(714) 526-4855"
-117.90746,33.66327,ARCO - 2490 FAIRVIEW RD,"COSTA MESA CA 92626
(714) 850-0663"
-117.9075,34.07569,ARCO - 300 N AZUSA AVE,"WEST COVINA CA 91791
(626) 332-3404"
-117.91324,33.64787,ARCO - 2021 NEWPORT BLVD,"COSTA MESA CA 92627
(949) 631-2734"
-117.91762,34.02401,ARCO - 362 N AZUSA AVE,"LA PUENTE CA 91744
(626) 913-0685"
-117.92306,34.01351,ARCO - 447 S AZUSA AVE,"LA PUENTE CA 91744
(626) 810-4792"
-117.92472,34.0893,ARCO - 1680 W SAN BERNARDINO RD,"COVINA CA 91722
(626) 967-8050"
-117.93114,33.92478,ARCO - 1401 E LAMBERT RD,"LA HABRA CA 90631
(562) 690-7444"
-117.93191,33.64332,ARCO - 799 W 19TH STREET,"COSTA MESA CA 92627
(949) 650-1960"
-117.93802,33.76672,ARCO - 13511 EUCLID STREET,"GARDEN GROVE CA 92843
(714) 638-4592"
-117.93804,33.76914,ARCO - 13331 EUCLID STREET,"GARDEN GROVE CA 92843
(714) 534-7557"
-117.94193,33.84696,ARCO - 1700 W LA PALMA AVE,"ANAHEIM CA 92801
(714) 774-3023"
-117.95388,33.69335,ARCO - 18520 BROOKHURST STREET,"FOUNTAIN VALLEY CA 92708
(714) 963-0816"
-117.95396,33.69475,ARCO - 18480 BROOKHURST STREET,"FOUNTAIN VALLEY CA 92708
(714) 968-6050"
-117.95473,33.76706,ARCO - 13482 BROOKHURST STREET,"GARDEN GROVE CA 92843
(714) 534-2530"
-117.95887,33.82879,ARCO - 300 S BROOKHURST STREET,"ANAHEIM CA 92804
(714) 533-4045"
-117.95888,33.83893,ARCO - 530 N BROOKHURST STREET,"ANAHEIM CA 92801
(714) 776-6715"
-117.9591,33.81745,ARCO - 1201 S BROOKHURST STREET,"ANAHEIM CA 92804
(714) 563-9940"
-117.9652,34.00516,ARCO - 1401 S HACIENDA BLVD,"HACIENDA HEIGHTS CA 91745
(626) 336-0594"
-117.97168,33.6874,ARCO - 18975 MAGNOLIA STREET,"FOUNTAIN VALLEY CA 92708
(714) 964-2587"
-117.97265,33.76651,ARCO - 13501 MAGNOLIA STREET,"GARDEN GROVE CA 92844
(714) 373-3018"
-117.9758,33.82841,ARCO - 304 S MAGNOLIA AVE,"ANAHEIM CA 92804
(714) 761-8012"
-117.97734,33.90876,ARCO - 13550 BEACH BLVD,"LA MIRADA CA 90638
(562) 691-8576"
-117.98474,33.81739,ARCO - 2800 W BALL RD,"ANAHEIM CA 92804
(714) 484-0659"
-117.98544,33.83234,ARCO - 2811 W LINCOLN AVE,"ANAHEIM CA 92801
(714) 995-3365"
-117.98883,33.67266,ARCO - 19971 BEACH BLVD,"HUNTINGTON BEACH CA 92648
(714) 960-3125"
-117.9929,33.93113,ARCO - 15750 E LEFFINGWELL RD,"WHITTIER CA 90604
(562) 943-4436"
-117.99365,33.7491,ARCO - 14511 BROOKHURST STREET,"WESTMINSTER CA 92683
(714) 531-0160"
-118.00056,33.94674,ARCO - 15306 E WHITTIER BLVD,"WHITTIER CA 90603
(562) 943-1635"
-118.00213,33.85883,ARCO - 7510 ORANGETHORPE AVE,"BUENA PARK CA 90621
(714) 522-0164"
-118.00728,33.77175,ARCO - 13142 GOLDENWEST STREET,"WESTMINSTER CA 92683
(714) 898-1677"
-118.01092,33.84673,ARCO - 7990 KNOTT AVE,"BUENA PARK CA 90620
(714) 522-0060"
-118.01909,33.75915,ARCO - 6311 WESTMINSTER AVE,"WESTMINSTER CA 92683
(714) 903-6295"
-118.03261,34.04331,ARCO - 1808 S DURFEE AVE,"SOUTH EL MONTE CA 91733
(626) 575-4671"
-118.03814,33.85854,ARCO - 5472 ORANGETHORPE AVE,"LA PALMA CA 90623
(714) 523-5674"
-118.04128,33.72218,ARCO - 16502 BOLSA CHICA STREET,"HUNTINGTON BEACH CA 92649
(714) 840-4364"
-118.04166,33.96059,ARCO - 13010 E LAMBERT RD,"WHITTIER CA 90602
(562) 693-4328"
-118.04461,33.89203,ARCO - 13460 E FIRESTONE BLVD,"SANTA FE SPRINGS CA 90670
(562) 404-1018"
-118.04517,33.83153,ARCO - 5012 LINCOLN AVE,"CYPRESS CA 90630
(714) 828-2990"
-118.04604,33.81672,ARCO - 4988 BALL RD,"CYPRESS CA 90630
(714) 828-6131"
-118.04658,33.93177,ARCO - 10717 CARMENITA RD,"WHITTIER CA 90605
(562) 944-7115"
-118.07194,33.83952,ARCO - 20940 NORWALK BLVD,"LAKEWOOD CA 90715
(562) 809-1654"
-118.0721,33.8584,ARCO - 12202 SOUTH STREET,"CERRITOS CA 90701
(562) 402-1797"
-118.07379,33.88748,ARCO - 12158 ALONDRA BLVD,"NORWALK CA 90650
(562) 802-0875"
-118.08237,33.88958,ARCO - 15604 S PIONEER BLVD,"NORWALK CA 90650
(562) 281-0444"
-118.0982,33.93532,ARCO - 10801 STUDEBAKER RD,"DOWNEY CA 90241
(562) 863-4085"
-118.11067,33.9604,ARCO - 8863 LAKEWOOD BLVD,"DOWNEY CA 90240
(562) 622-5865"
-118.11706,33.87302,ARCO - 10201 ARTESIA BLVD,"BELLFLOWER CA 90706
(562) 920-1346"
-118.12184,33.93882,ARCO - 10808 LAKEWOOD BLVD,"DOWNEY CA 90241
(562) 861-7286"
-118.12444,33.78828,ARCO - 1785 N BELLFLOWER BLVD,"LONG BEACH CA 90815
(562) 597-1728"
-118.13711,33.94416,ARCO - 11025 PARAMOUNT BLVD,"DOWNEY CA 90241
(562) 861-1159"
-118.14637,33.76015,ARCO - 3955 E OCEAN BLVD,"LONG BEACH CA 90803
(562) 434-3352"
-118.15179,33.9238,ARCO - 8010 IMPERIAL HWY,"DOWNEY CA 90242
(562) 861-1635"
-118.15256,33.77915,ARCO - 1001 REDONDO AVE,"LONG BEACH CA 90804
(562) 434-5395"
-118.15979,33.85391,ARCO - 5304 PARAMOUNT BLVD,"LAKEWOOD CA 90712
(562) 634-3462"
-118.16405,33.77519,ARCO - 2330 E 7TH STREET,"LONG BEACH CA 90804
(562) 438-3169"
-118.16719,33.84715,ARCO - 2011 DEL AMO BLVD,"LAKEWOOD CA 90712
(562) 423-7339"
-118.1852,33.83638,ARCO - 4385 ATLANTIC AVE,"LONG BEACH CA 90807
(562) 426-2356"
-118.19279,33.7897,ARCO - 124 W PACIFIC HWY,"LONG BEACH CA 90806
(562) 591-4422"
-117.006513,33.744263,ARCO - 298 S SANDERSON AVE,"HEMET CA 92545 
(951) 766-4435"
-117.168363,33.639687,ARCO - 33070 ANTELOPE RD,"MURRIETA CA 92563
(951) 246-7004"
-117.229644,33.801463,ARCO - 280 W NUEVO ROAD,"PERRIS CA 92571
 (951) 657-4895"
-116.947186,33.929593,ARCO - 1696 E 6TH ST,"BEAUMONT CA 92223
 (951) 845-5221"
-117.207701,33.564182,ARCO - 41240 KALMIA ST,"MURRIETTA CA 92562
 (951) 677-3469"
-117.322739,33.916188,ARCO - 501 ALESANDRO BLVD,"RIVERSIDE CA 92508
 (951) 780-7570"
-117.226553,33.917442,ARCO - 24994 ALESSANDRO BLVD,"MORENO VALLEY CA 92553
 (951) 924-8404"
-117.39949,34.005813,ARCO - 2985 RUBIDOUX BLVD,"RIVERSIDE CA 92509
 (951) 683-2660"
-117.335232,33.694302,ARCO - 29355 CENTRAL AVE,"LAKE ELSINORE CA 92532
 (909) 674-7377"
-117.278045,34.062838,ARCO - 305 E REDLANDS BLVD,"SAN BERNARDINO CA 92408
 (909) 370-3170"
-117.225668,34.063263,ARCO - 2098 W REDLANDS BLVD,"REDLANDS CA 92373
 (909) 798-3367"
-117.118918,34.02788,ARCO - 31340 YUCAIPA BLVD,"YUCAIPA CA 92399
 (909) 794-5334"
-117.536094,33.844697,ARCO - 1402 E ONTARIO AVE,"CORONA CA 92881
 (909) 273-1142"
-117.278614,34.092586,ARCO - 495 S WATERMAN AVE,"SAN BERNARDINO CA 92408
 (951) 890-2300"
-117.395545,34.070621,ARCO - 18762 VALLEY BLVD,"BLOOMINGTON CA 92316
 (909) 421-0768"
-117.057813,33.994323,ARCO - 1216 CALIMESA BLVD,"CALIMESA CA 92320
 (951) 795-2946"
-117.954165,33.70866,ARCO - 17520 BROOKHURST ST,"FOUNTAIN VALLEY CA 92708
 (714) 962-6270"
-117.954674,33.709402,ARCO - 17475 BROOKHURST ST,"FOUNTAIN VALLEY CA 92708
 (714) 593-1936"
-117.370697,34.07014,ARCO - 111 W VALLEY BLVD,"RIALTO CA 92376
 (909) 874-3023"
-117.195856,32.753347,Old Town State Park,
-117.19775,32.731489,Airport (SAN) - Terminal 1,
-117.20098,32731566,Airport (SAN) - Terminal 2,
-117.196815,32.725154,Harbor Island,
-117.223222,32.717944,Shelter Island,
-117.240514,32.672258,Point Loma Lighthouse,
-117.244614,32.686137,Ft Rosecrans National Cemetery,
-117.250678,32.716864,Pt. Loma Nazerene University,
-117.226694,32.763701,Sea World,
-117.210977,32.76892,Fiesta Island,
-117.209291,32.790261,Mission Bay,
-117.256748,32.79659,Pacific Beach area of San Diego,
-117.25095,32.772034,Mission Beach area of San Diego,
-117.251575,32.771701,Roller Coaster at Mission Beach,
-117.272747,32.85035,La Jolla area of San Diego,
-117.243034,32.874675,University of California at San Diego (UCSD),
-117.25775,32.918407,Torrey Pines State Reserve,
-117.251539,32.8999,Glider Port on the Beach Cliff,
-117.253955,32.897785,Black's Beach (Clothing Optional),
-117.256442,32.973742,Del Mar Fairgrounds and Horse Racing,
-117.266698,32.959436,City of Del Mar,
-117.131053,32.883492,Miramar MCAS (Former Home to Top Gun),
-117.17709,32.671068,San Diego Downtown,
-117.160603,32.706831,San Diego Convention Center,
-117.157125,32.706452,Petco Park (Home of the Padres),
-117.160148,32.711341,Gaslamp District,
-117.168693,32.711568,Kansas City BBQ (Top Gun Bar Scene),
-117.150605,32.725632,Balboa Park,
-117.148759,32.7355,San Diego Zoo,
-117.14834,32.731574,Museums at Balboa Park,
-117.119421,32.78308,Qualcomm Stadium (Home to the Chargers and Aztecs),
-117.074621,32.773789,Cox Arena (Entertainment),
-117.068906,32.774621,San Diego State University (SDSU) Aztecs,
-117.002374,33.094473,Wild Animal Park,
-116.675342,33.108805,Dudley's Bread Store,
-116.60236,33.078538,City of Julian - Old Gold Mining Town in the Mountains,
-116.580902,32.98858,Lake Cuyamaca (Fishing),
-116.460121,32.862163,Mt. Laguna Recreation Area,
-117.029295,32.541828,Mexico Border,
-117.212202,32.755262,Sports Arena (IPayOne Center),
-117.022301,32.767963,City of La Mesa,
-116.997863,32.744651,City of Spring Valley,
-117.030602,32.742465,City of Lemon Grove,
-116.961756,32.794657,City of El Cajon,
-116.973134,32.838627,City of Santee,
-116.921477,32.857202,City of Lakeside,
-116.86719,33.041725,City of Ramona,
-117.085867,33.119275,City of Escondido,
-117.16508,33.14371,City of San Marcos,
-117.035322,32.963095,City of Poway,
-117.014338,33.006463,Lake Poway (Fishing),
-117.099665,32.91401,Lake Miramar (Fishing),
-117.084883,32.678238,Scripps Ranch area of San Diego,
-117.098334,32.678238,City of National City,
-117.083337,32.640014,City of Chula Vista,
-117.112209,32.58413,City of Imperial Beach,
-117.004417,32.589716,Coors Amphitheatre (Entertainment),
-116.931651,32.648088,Lower Otay Lake (Fishing),
-116.933718,32.649448,Upper Otay Lake (Fishing),
-116.765532,32.835089,City of Alpine,
-116.93444,32.747257,Rancho San Diego area of County,
-117.31154,33.126025,Lego Land Amusement Park,
-117.35096,33.155064,Carlsbad State Beach,
-117.383723,33.194687,Oceanside Pier,
-117.390111,33.206965,Oceanside Harbor,
-117.378621,33.195794,City of Oceanside,
-117.349726,33.158165,City of Carlsbad,
-117.318558,33.125736,Carlsbad Flower Fields,
-117.271762,33.044383,City of Encinitas,
-117.270368,32.991073,City of Solana Beach,
-117.203084,33.020032,City of Rancho Santa Fe,
-117.11568,32.94835,Rancho Penasquitos area of San Diego,
-117.060867,33.018671,Rancho Bernardo area of San Diego,
-117.241673,33.200002,City of Vista,
-117.177044,32.681189,Hotel Del Coronado,
-117.182519,32.686004,City of Coronado,
-117.190492,32.771607,University of San Diego (USD),
-117.009199,32.587208,Knotts Soak City Water Park,
-116.597225,33.080952,Eagle Gold Mine in Julian,
-116.678104,33.130648,Mission Santa Ysabel,
-117.193766,32.759454,Serra Museum in Presidio Park,
-117.17336,32.714139,USS Midway Maritime Museum,
-117.173396,32.720246,Maritime Museum,
-117.169491,32.709135,Sea Port Village,
-117.243308,32.74333,Ocean Beach area of San Diego,
-117.253276,32.746919,Ocean Beach Pier,
-117.25669,32.796314,Crystal Pier in Pacific Beach,
-117.273329,32.814169,Bird Rock,
-117.244882,32.839593,Mt Soledad Cross and Vetran's Memorial,
-117.249639,32.86649,Birch Aquarium,
-117.254031,32.866138,Scripps Pier,
-117.28217,33.015379,Cardiff State Beach,
-117.257545,32.856682,La Jolla Shores Beach,
-117.029625,32.658131,City of Bonita,
-116.932492,32.831685,Winter Gardens area of El Cajon,
-116.936081,32.807552,Bostonia area of El Cajon,
-117.250742,33.376301,City of Fallbrook,
-117.320287,33.231137,Mission San Luis Rey,
-117.224826,32.288951,City of Bonsall,
-117.124442,33.061699,Lake Hodges (Fishing),
-117.040779,32.785335,Lake Murray (Fishing),
-116.867315,32.807777,Crest area of County,
-116.829293,32.820453,Harbison Canyon area of County,
-116.795184,32.87325,San Vicente Reservoir (Fishing),
-117.200043,32.699872,North Island Naval Air Station,
-117.193828,32.742548,MCRD (Marine Corp Recruiting Depot),
-117.169001,32.698436,Coronado to San Diego Ferry,
-117.173538,32.715496,Port of San Diego,
-117.174328,32.715854,San Diego to Coronado Ferry,
-117.173459,32.717397,Cruise Ship Berth,
-117.180043,32.727542,Stoplight for cars to allow Coast Guard planes to cross road,
-117.252594,32.754213,Dog Beach,
-116.756708,33.233715,Lake Henshaw (Fishing),
-116.634055,33.283127,Warner Springs area of County,
-116.865113,33.35617,Palomar Mountain and Observatory,
-117.013875,33.240648,Valley Center area of County,
-117.147237,33.410593,Rainbow area of County,
-117.163954,33.073864,Elfin Forest area of County,
-117.182999,32.99585,Fairbanks Ranch area of County,
-117.209954,32.869983,University City area of San Diego,
-117.144108,32.699281,San Diego to Coronado Bridge,
-117.132482,32.579539,Imperial Beach Pier,
-117.01817,32.533584,"Tijuana, Mexico",
-117.120558,32.743618,Site of 1978 PSA Flight 182 Crash,
-117.166663,32.749918,Hillcrest area of San Diego,
-117.187728,32.79446,Tecelote Canyon,
-117.278315,32.847147,Children's Pool at La Jolla,
-117.2729,32.850188,La Jolla Cove (Scuba Diving),
-117.270322,32.849213,La Jolla Sea Cave,
-117.23941,32.687403,Navy's Submarine Base,
-117.186072,32.70699,Docking Locations for Large Navy Ships,
-117.157378,32.680183,Navy Seal's Training Area,
-117.156241,32.658239,Silver Strand Beach,
-117.224064,32.716832,Humphrey's On The Bay (Entertainment),
-117.239784,32.674166,Cabrillo Monument,
-117.245337,32.669418,Pt Loma Tide Pools,
-117.256762,32.719441,Sunset Cliffs,
-117.154751,32.819799,Der Wienerschnitzel - seen on TV in 1995 tank rampage,
-117.279121,33.051918,Quail Gardens Botanical,
-117.00487,32.844356,Santee Lakes (Fishing),
-117.027369,32.844634,Mission Trails Park,
-117.107244,32.784193,Mission San Diego de Alcala,
