longitude,latitude,information,location
-116.22777,33.71504,"INDIO CA 92201
(760) 342-8138",ARCO - 82338 HIGHWAY 111
-116.29458,33.71358,"LA QUINTA CA 92253
(760) 343-7112",ARCO - 46150 WASHINGTON STREET
-116.29703,33.76075,"PALM DESERT CA 92211
(760) 346-8571",ARCO - 78355 VARNER RD
-116.3743,33.72141,"PALM DESERT CA 92260
(760) 346-8571",ARCO - 73980 HIGHWAY 111
-116.38835,33.80823,"THOUSAND PALMS CA 92276
(951) 233-8581",ARCO - 32975 MONTEREY AVE
-116.40158,34.12716,"YUCCA VALLEY CA 92284
(760) 228-1301",ARCO - 57858 29 PALMS HWY
-116.45828,33.84797,"CATHEDRAL CITY CA 92234
(760) 322-4421",ARCO - 27900 DATE PALM DRIVE
-116.46718,33.81603,"CATHEDRAL CITY CA 92234
(760) 770-4134",ARCO - 68500 RAMON RD
-116.50144,33.9556,"DESERT HOT SPRINGS CA 92240
(760) 329-3138",ARCO - 12775 PALM DRIVE
-116.50159,33.90322,"DESERT HOT SPRINGS CA 92240
(760) 251-4134",ARCO - 22755 PALM DRIVE
-116.52788,33.84468,"PALM SPRINGS CA 92262
(760) 416-1031",ARCO - 1717 E VISTA CHINO
-116.78018,33.91788,"CABAZON CA 92230
(951) 849-4512",ARCO - 300 N FERN STREET
-116.86889,33.04198,"RAMONA CA 92065
(760) 789-3830",ARCO - 1015 MAIN STREET
-116.90122,33.92543,"BANNING CA 92220
(951) 849-2515",ARCO - 2228 W RAMSEY STREET
-116.93069,32.85599,"LAKESIDE CA 92040
(619) 561-2193",ARCO - 12109 WOODSIDE AVE
-116.93108,32.79989,"EL CAJON CA 92021
(619) 442-1621",ARCO - 1410 E MAIN STREET
-116.93132,32.85232,"LAKESIDE CA 92040
(619) 443-5333",ARCO - 9606 WINTER GARDENS
-116.93551,32.80428,"EL CAJON CA 92021
(619) 579-1303",ARCO - 725 N 2ND STREET
-116.94246,32.55366,"SAN DIEGO CA 92154
(619) 661-7242",ARCO - 2510 OTAY CENTER DRIVE
-116.94461,32.78764,"EL CAJON CA 92020
(619) 442-7317",ARCO - 1484 E WASHINGTON BV
-116.94945,33.74751,"HEMET CA 92544
",ARCO - 2105 E FLORIDA AVE
-116.95082,32.8012,"EL CAJON CA 92021
(619) 579-5023",ARCO - 593 N MOLLISON AVE
-116.95788,32.78749,"EL CAJON CA 92020
(619) 588-0937",ARCO - 700 AVOCADO RD
-116.95876,33.78046,"SAN JACINTO
(909) 654-9499",ARCO - 687 S SAN JACINTO AVE
-116.96217,32.81887,"EL CAJON CA 92020
(619) 442-2931",ARCO - 1525 N MAGNOLIA AVE
-116.96244,32.81873,"EL CAJON CA 92020
(619) 447-6348",ARCO - 1518 N MAGNOLIA AVE
-116.96759,32.79458,"EL CAJON CA 92020
(619) 588-2251",ARCO - 489 W MAIN STREET
-116.97144,32.79141,"EL CAJON CA 92020
(619) 588-2043",ARCO - 398 EL CAJON BLVD
-116.97162,33.75791,"HEMET CA 92543
 (951) 658-9677",ARCO - 690 N STATE STREET
-116.97223,33.79507,"SAN JACINTO CA 92582
(909) 654-0944",ARCO - 833 N RAMONA BLVD
-116.97633,33.72952,"HEMET CA 92543
(951) 766-9244",ARCO - 500 W STETSON AVE
-116.97976,32.80816,"EL CAJON CA 92020
(619) 448-9284",ARCO - 978 CUYAMACA STREET
-116.98342,32.83847,"SANTEE CA 92071
(619) 596-1672",ARCO - 9811 MISSION GORGE
-116.99024,32.77983,"LA MESA CA 91942
(619) 589-9842",ARCO - 9600 MURRAY DRIVE
-116.99648,32.84128,"SANTEE CA 92071
(619) 596-1505",ARCO - 9009 CAROLTON HILLS
-116.99667,32.56706,"SAN DIEGO CA 92154
(619) 661-0045",ARCO - 1625 HERITAGE RD
-117.00117,32.75147,"SPRING VALLEY CA 91977
(619) 462-5385",ARCO - 9108 CAMPO RD
-117.00182,32.75134,"SPRING VALLEY CA 91977
(619) 462-7666",ARCO - 9065 CAMPO RD
-117.02188,32.76781,"LA MESA CA 91941
(619) 337-0326",ARCO - 4925 SPRING STREET
-117.02613,32.74276,"LEMON GROVE CA 91945
(619) 464-6493",ARCO - 8001 BROADWAY
-117.02633,32.76522,"LA MESA CA 91941
(619) 469-2310",ARCO - 7974 UNIVERSITY AVE
-117.03144,32.7351,"LEMON GROVE CA 91945
(619) 589-2058",ARCO - 2717 LEMON GROVE AVE
-117.03365,32.76034,"LA MESA CA 91941
(619) 460-1952",ARCO - 7594 UNIVERSITY AVE
-117.03383,32.58401,"SAN DIEGO CA 92154
(619) 690-5405",ARCO - 4604 PALM AVE
-117.04263,32.74577,"LA MESA CA 91941
(619) 697-8174",ARCO - 3775 MASSACHUSETTS A
-117.04629,32.62859,"CHULA VISTA CA 91910
(619) 426-1029",ARCO - 401 TELEGRAPH CANYON
-117.04804,34.03403,"YUCAIPA CA 92399
(909) 790-3975",ARCO - 34696 YUCAIPA BLVD
-117.0496,32.74096,"LEMON GROVE CA 91945
(619) 465-6152",ARCO - 6901 FEDERAL BLVD
-117.0588,33.13029,"ESCONDIDO CA 92027
(760) 741-5960",ARCO - 1550 E GRAND AVE
-117.06284,32.76363,"SAN DIEGO CA 92115
(619) 582-3013",ARCO - 6301 EL CAJON BLVD
-117.0646,32.75296,"SAN DIEGO CA 92115
(619) 582-9370",ARCO - 6098 UNIVERSITY AVE
-117.06489,32.59491,"CHULA VISTA CA 91911
(619) 654-4940",ARCO - 3190 MAIN STREET
-117.07337,32.6242,"CHULA VISTA CA 91910
(619) 422-4319",ARCO - 798 3RD AVE
-117.07395,32.68183,"NATIONAL CITY CA 91950
(619) 267-8693",ARCO - 1139 HARBISON AVE
-117.07465,32.59414,"CHULA VISTA CA 91911
(619) 429-1631",ARCO - 1725 BROADWAY
-117.07478,33.02266,"SAN DIEGO CA 92128
(858) 487-1565",ARCO - 11891 RANCHO BERNARDO RD
-117.07681,33.73956,"HEMET CA 92545
(951) 926-5132",ARCO - 33440 CA HWY 74
-117.08345,33.11591,"ESCONDIDO CA 92025
(760) 745-2087",ARCO - 434 W 5TH AVE
-117.08484,32.72467,"SAN DIEGO CA 92105
(619) 263-7154",ARCO - 1817 EUCLID AVE
-117.08521,32.58367,"SAN DIEGO CA 92154
(619) 423-7374",ARCO - 2255 PALM AVE
-117.08566,32.64367,"CHULA VISTA CA 91910
(619) 422-4214",ARCO - 407 E STREET
-117.08805,32.60423,"CHULA VISTA CA 91911
(619) 424-7040",ARCO - 800 PALOMAR STREET
-117.08819,33.12578,"ESCONDIDO CA 92025
(760) 737-2984",ARCO - 300 W WASHINGTON AVE
-117.08898,32.67664,"NATIONAL CITY CA 91950
(619) 336-1859",ARCO - 1606 PLAZA BLVD
-117.09285,32.58408,"SAN DIEGO CA 92154
(619) 429-0964",ARCO - 1890 PALM AVE
-117.09575,32.67007,"NATIONAL CITY CA 91950
(619) 477-1383",ARCO - 1734 HIGHLAND AVE
-117.09589,33.11596,"ESCONDIDO CA 92025
(760) 738-8591",ARCO - 100 LA TERRAZA BLVD
-117.09606,32.94754,"SAN DIEGO CA 92128
(858) 486-1782",ARCO - 12610 SABRE SPRINGS
-117.09719,33.14405,"ESCONDIDO CA 92026
(760) 716-6116",ARCO - 450 W EL NORTE PKWY
-117.09782,32.78997,"SAN DIEGO CA 92120
(619) 284-2181",ARCO - 6404 MISSION GORGE R
-117.09872,32.64001,"CHULA VISTA CA 91910
(619) 585-1048",ARCO - 765 E STREET
-117.10054,32.93785,"SAN DIEGO CA 92131
(858) 621-6337",ARCO - 12033A SCRIPPS SUMMIT DRIVE
-117.102012,33.48106,"TEMECULA CA 92592
(909) 303-1530",ARCO - 44239 MARGARITA RD
-117.10838,32.67558,"NATIONAL CITY CA 91950
(619) 474-5943",ARCO - 133 W 8TH STREET
-117.10857,32.58368,"IMPERIAL BEACH CA 91932
(619) 429-4628",ARCO - 1185 PALM AVE
-117.11824,32.89343,"SAN DIEGO CA 92126
(858) 693-7234",ARCO - 9393 KEARNEY MESA RD
-117.12183,33.13107,"ESCONDIDO CA 92029
(760) 738-7226",ARCO - 538 N NORDAHL RD
-117.12218,32.89911,"SAN DIEGO CA 92126
(858) 695-3894",ARCO - 9720 CARROLL CTR RD
-117.1237,32.74837,"SAN DIEGO CA 92104
(619) 280-0753",ARCO - 3255 UNIVERSITY AVE
-117.12757,33.19649,"ESCONDIDO CA 92026
(760) 737-9387",ARCO - 26915 MESA ROCK RD
-117.13764,32.83165,"SAN DIEGO CA 92123
(858) 569-0629",ARCO - 8820 CLAIRMONT MESA
-117.13993,32.70649,"SAN DIEGO CA 92102
(619) 702-4180",ARCO - 2502 IMPERIAL AVE
-117.14198,33.48126,"TEMECULA CA 92590
(951) 699-1520",ARCO - 44987 OLD TOWN FRONT STREET
-117.14864,33.53302,"TEMECULA CA 92591
(951) 506-9238",ARCO - 40212 WINCHESTER RD
-117.14917,33.50335,"TEMECULA CA 92591
(909) 699-5673",ARCO - 27691 YNEZ RD
-117.15393,33.74237,"ROMOLAND CA 92585
(951) 926-5132",ARCO - 26050 MENIFEE RD
-117.15853,33.15412,"SAN MS CA 92069
(760) 471-6277",ARCO - 1187 W SAN MARCOS BLVD
-117.17183,32.87793,"SAN DIEGO CA 92121
(858) 457-2718",ARCO - 6616 MIRAMAR RD
-117.17678,34.05681,"REDLANDS CA 92373
(909) 793-0698",ARCO - 539 E REDLANDS BLVD
-117.17871,33.937,"MORENO VALLEY CA 92555
(951) 485-0268",ARCO - 12611 MORENO BEACH D
-117.18239,34.0642,"REDLANDS CA 92374
(909) 307-6247",ARCO - 902 ORANGE STREET
-117.19078,33.68489,"MENIFEE CA 92584
(951) 679-2654",ARCO - 26925 NEWPORT ROAD
-117.193,32.74867,"SAN DIEGO CA 92110
(619) 291-1947",ARCO - 3860 OLD TOWN AVE
-117.20186,32.83141,"SAN DIEGO CA 92117
(858) 272-5274",ARCO - 4202 CLAIREMONT MESA
-117.20733,33.56334,"MURRIETA CA 92562
(951) 461-8688",ARCO - 24625 MADISON AVE
-117.20797,34.10769,"HIGHLAND CA 92346
(909) 864-5442",ARCO - 27323 5TH STREET
-117.21082,33.823,"PERRIS CA 92571
(951) 940-9200",ARCO - 23261 CAJALCO EXPRWY
-117.21191,32.74406,"SAN DIEGO CA 92110
(619) 226-1553",ARCO - 2940 LYTTON STREET
-117.21512,33.16617,"VISTA CA 92083
(760) 727-8965",ARCO - 625 SYCAMORE AVE
-117.22333,33.18469,"VISTA CA 92083
(760) 724-1660",ARCO - 1403 S SANTA FE AVE
-117.22468,33.78252,"PERRIS CA 92570
",ARCO - 268 E 4TH STREET
-117.22583,33.29013,"BONSALL CA 92003
(760) 726-2628",ARCO - 5555 MISSION RD
-117.22596,33.88146,"MORENO VALLEY CA 92551
(909) 247-2668",ARCO - 16466 PERRIS BLVD
-117.22616,33.84523,"PERRIS CA 92571
(951) 943-1330",ARCO - 4040 N PERRIS BLVD
-117.22617,34.04833,"LOMA LINDA CA 92354
(909) 335-9176",ARCO - 26526 BARTON RD
-117.22674,33.93898,"MORENO CA 92553
",ARCO - 24991 SUNNYMEAD
-117.22719,32.72684,"SAN DIEGO CA 92106
(619) 226-1553",ARCO - 1551 ROSECRANS STREET
-117.23908,32.93387,"SAN DIEGO CA 92130
(858) 793-0626",ARCO - 3170 CARMEL VALLEY R
-117.24032,33.16688,"VISTA CA 92081
(760) 599-7057",ARCO - 1590 S MELSROSE DRIVE
-117.24314,34.12115,"SAN BERNARDINO CA 92410
",ARCO - 25717 E BASELINE STREET
-117.24369,33.94013,"MORENO CA 92553
(951) 924-6361",ARCO - 12428 HEACOCK STREET
-117.24612,33.92491,"MORENO CA 92553
(951) 653-0605",ARCO - 23501 ALLESANDRO BLVD
-117.24723,33.59483,"WILDOMAR CA 92595
(951) 678-3355",ARCO - 36228 HIDDEN SPRG RD
-117.24763,32.74494,"OCEAN BEACH CA 92107
(619) 226-1108",ARCO - 1902 SUNSET CLIFFSLV
-117.2515,33.37183,"FALLBROOK CA 92028
(760) 723-0900",ARCO - 1161 S MAIN STREET
-117.25653,32.97954,"SOLANA BEACH CA 92075
(858) 481-2849",ARCO - 660 VIA DE LA VALLE
-117.2584,32.80868,"SAN DIEGO CA 92109
(858) 488-5746",ARCO - 833 TURQUOISE STREET
-117.25889,33.22027,"OCEANSIDE CA 92056
(760) 806-4445",ARCO - 1501 MELROSE DRIVE
-117.25948,33.94227,"MORENO VALLEY CA 92557
(951) 485-4849",ARCO - 23145 HEMLOCK AVE
-117.26106,34.06593,"SAN BERNARDINO CA 92408
(909) 478-1074",ARCO - 1945 S TIPPECANOE AVE
-117.26166,33.9174,"MORENO VALLEY CA 92553
(951) 653-6756",ARCO - 22990 ALLESANDRO BLVD
-117.27519,33.62755,"WILDOMAR CA 92595
(951) 245-1590",ARCO - 33986 ORANGE STREET
-117.27645,33.02583,"CARDIFF BY THE SEA CA 92007
(760) 580-9458",ARCO - 633 BIRMINGHAM DRIVE
-117.28101,34.16481,"SAN BERNARDINO CA 92404
",ARCO - 247 E 40TH STREET
-117.28593,33.91701,"RIVERSIDE CA 92508
(951) 656-2676",ARCO - 2624 E ALESSANDRO BLVD
-117.29268,33.1826,"OCEANSIDE CA 92056
(760) 724-6165",ARCO - 3804 PLAZA DRIVE
-117.29423,34.15109,"SAN BERNARDINO CA 92405
(909) 883-6285",ARCO - 3296 N E STREET
-117.2996,33.66067,"LAKE ELSINORE CA 92530
(951) 674-7465",ARCO - 250 DIAMOND DRIVE
-117.30061,34.12147,"SAN BERNARDINO CA 92408
(909) 381-9117",ARCO - 794 W BASELINE STREET
-117.30511,34.1359,"SAN BERNARDINO CA 92405
(909) 886-7036",ARCO - 995 W HIGHLAND AVE
-117.30595,34.04726,"COLTON CA 92324
",ARCO - 1240 E WASHINGTON STREET
-117.32284,33.24317,"OCEANSIDE CA 92054
(760) 966-0938",ARCO - 607 DOUGLAS DRIVE
-117.32931,33.66835,"LAKE ELSINORE CA 92530
(626) 967-4561",ARCO - 200 W GRAHAM STREET
-117.33468,34.16233,"SAN BERNARDINO CA 92407
(909) 880-6390",ARCO - 3890 N UNIVRSTY PKWY
-117.33783,33.15168,"CARLSBAD CA 92008
(760) 730-1549",ARCO - 810 TAMARACK AVE
-117.33904,34.13593,"SAN BERNARDINO CA 92407
(909) 473-0269",ARCO - 2187 W HIGHLAND AVE
-117.33974,33.97547,"RIVERSIDE CA 92507
",ARCO - 1294 UNIVERSITY AVE
-117.35042,33.88476,"RIVERSIDE CA 92508
(909) 776-0011",ARCO - 17905 VAN BUREN BLVD
-117.35376,33.19521,"OCEANSIDE CA 92054
(760) 754-3334",ARCO - 1990 OCEANSIDE BLVD
-117.3596,33.70596,"LAKE ELSINORE
(951) 471-1520",ARCO - 19930 COLLIER AVE
-117.36203,34.1929,"SAN BERNARDINO CA 92407
(909) 880-1549",ARCO - 3225 LITTLE LEAGUE
-117.3664,34.10689,"RIALTO CA 92376
(909) 874-3022",ARCO - 280 E FOOTHILL
-117.36831,34.04186,"BLOOMINGTON CA 92316
(951) 683-3945",ARCO - 3368 S RIVERSIDE AVE
-117.36969,33.6575,"LAKE ELSINORE CA 92530
(951) 245-2866",ARCO - 16851 LAKE SHORE DRIVE
-117.37051,34.09269,"RIALTO CA 92376
(909) 820-6607",ARCO - 484 S RIVERSIDE AVE
-117.37065,34.07035,"RIALTO CA 92376
(909) 874-3023",ARCO - 111 W VALLEY BLVD
-117.3796,33.97682,"RIVERSIDE CA 92501
",ARCO - 4395 MARKET STREET
-117.38382,33.20103,"OCEANSIDE CA 92054
(760) 439-1354",ARCO - 802 N COAST HWY
-117.38994,33.95343,"RIVERSIDE CA 92506
(951) 784-9046",ARCO - 3570 CENTRAL
-117.39285,33.95368,"RIVERSIDE CA 92506
(951) 787-8304",ARCO - 3659 CENTRAL AVE
-117.43229,34.01273,"RUBIDOUX CA 92509
(951) 685-9500",ARCO - 3685 VALLEY WAY
-117.43554,34.07082,"FONTANA CA 92335
(909) 357-0398",ARCO - 10087 SIERRA AVE
-117.43588,34.09236,"FONTANA CA 92335
(909) 822-0293",ARCO - 8898 SIERRA AVE
-117.44119,33.91395,"RIVERSIDE CA 92503
",ARCO - 3399 VAN BUREN BLVD
-117.45152,33.92619,"RIVERSIDE CA 92503
(951) 687-1653",ARCO - 4196 VAN BUREN BLVD
-117.45286,34.06315,"FONTANA CA 92337
(909) 822-4500",ARCO - 16120 SLOVER AVE
-117.45378,33.93508,"RIVERSIDE CA 92503
(909) 354-9131",ARCO - 4975 VAN BUREN BLVD
-117.45399,34.10668,"FONTANA CA 92335
(909) 829-6462",ARCO - 16090 FOOTHILL BLVD
-117.45423,33.93476,"RIVERSIDE CA 92503
(951) 352-0630",ARCO - 4930 VAN BUREN BLVD
-117.48768,34.1067,"FONTANA CA 92335
(909) 357-1392",ARCO - 14534 FOOTHILL BLVD
-117.48788,33.77449,"CORONA CA 92883
(951) 277-2955",ARCO - 23760 TEMESCAL CANYON RD
-117.49048,33.89564,"RIVERSIDE CA 92503
",ARCO - 11887 MAGNOLIA AVE
-117.50352,34.00605,"RIVERSIDE CA 92509
(951) 685-5949",ARCO - 10015 BELLEGRAVE AVE
-117.50608,34.1062,"FONTANA CA 92335
(909) 427-9589",ARCO - 8127 MULBERRY AVE
-117.5146,33.8821,"CORONA CA 92879
(951) 279-7547",ARCO - 3830 MCKINLEY STREET
-117.53772,34.13518,"RANCHO CUCAMONGA CA 91739
(909) 463-2882",ARCO - 12280 HIGHLAND AVE
-117.54272,34.07708,"ONTARIO CA 91764
(909) 481-1041",ARCO - 5020 E 4TH STREET
-117.54818,34.1066,"RANCHO CUCAMONGA CA 91730
(909) 476-0696",ARCO - 11768 FOOTHILL BLVD
-117.55747,33.93556,"NORCO CA 92860
",ARCO - 3700 HAMNER AVE
-117.55869,33.87451,"CORONA CA 92879
(951) 278-4390",ARCO - 702 E 6TH STREET
-117.55974,33.91972,"NORCO CA 92860
(951) 371-6571",ARCO - 2600 HAMNER AVE
-117.56355,33.89225,"CORONA CA 92880
(951) 734-2550",ARCO - 785 N MAIN STREET
-117.56723,33.86887,"CORONA CA 92882
(951) 340-3430",ARCO - 1205 S MAIN STREET
-117.57303,33.87597,"CORONA CA 92882
(951) 340-0028",ARCO - 624 W 6TH STREET
-117.57599,34.08535,"RANCHO CUCAMONGA CA 91730
(909) 980-3127",ARCO - 9280 HAVEN AVENUE
-117.58719,34.10516,"RANCHO CUCAMONGA CA 91730
(909) 941-2998",ARCO - 9805 6TH STREET
-117.58949,34.10681,"RANCHO CUCAMONGA CA 91730
(909) 476-0367",ARCO - 9888 FOOTHILL BLVD
-117.59358,33.86333,"CORONA CA 92882
(951) 280-3830",ARCO - 800 SERFAS CLUB DR/9
-117.59364,34.07086,"ONTARIO CA 91764
(909) 390-9299",ARCO - 729 N ARCHIBALD AVE
-117.59669,34.07617,"ONTARIO CA 91764
(951) 673-9673",ARCO - 905 S GROVE AVE
-117.59991,33.87918,"CORONA CA 92882
(951) 371-5261",ARCO - 1735 W 6TH STREET
-117.60564,33.63365,"SANTA MARGARITA CA 92688
(949) 546-0200",ARCO - 29880 SANTA MARGARITA PKWY
-117.61113,34.02898,"ONTARIO CA 91761
(909) 923-9633",ARCO - 2456 S VINEYARD AVE
-117.62065,34.07777,"ONTARIO CA 91764
(951) 988-9200",ARCO - 1565 E 4TH STREET
-117.62864,34.03518,"ONTARIO CA 91761
(909) 947-1642",ARCO - 2156 S GROVE AVE
-117.62938,34.07814,"ONTARIO CA 91764
(951) 986-7370",ARCO - 1245 E 4TH STREET
-117.64424,33.4411,"SAN CLEMENTE CA 92672
(949) 492-8722",ARCO - 2749 N EL CAMINO REAL
-117.65066,34.06745,"ONTARIO CA 91762
(909) 984-1522",ARCO - 434 N EUCLID AVE
-117.65118,34.02927,"ONTARIO CA 91762
(909) 986-1320",ARCO - 2430 S EUCLID AVE
-117.65656,33.45797,"SAN CLEMENTE CA 92672
(949) 489-1247",ARCO - 590 CAMINO DE ESTREL
-117.66047,34.10711,"UPLAND CA 91786
(909) 920-1188",ARCO - 775 W FOOTHILL BLVD
-117.66755,34.03171,"CHINO CA 91710
(909) 986-5770",ARCO - 12201 MOUNTAIN AVE
-117.66885,34.05624,"ONTARIO CA 91762
(909) 984-4206",ARCO - 1054 W. MISSION BLVD
-117.67005,34.10294,"UPLAND CA 91786
(909) 982-2785",ARCO - 782 N MOUNTAIN AVE
-117.67038,34.09906,"UPLAND CA 91786
(909) 579-0620",ARCO - 475 N MOUNTAIN AVE
-117.67573,33.59924,"MISSION VIEJO CA 92691
(949) 768-3464",ARCO - 26001 LA PAZ RD
-117.67883,33.61503,"MISSION VIEJO CA 92691
(949) 768-9229",ARCO - 23921 ALICIA PARKWAY
-117.68904,34.00509,"CHINO CA 91710
(909) 628-3512",ARCO - 13691 CENTRAL AVE
-117.68916,34.02877,"CHINO CA 91710
(909) 628-6089",ARCO - 12345 CENTRAL AVE
-117.68976,34.06985,"MONTCLAIR CA 91763
(909) 398-1720",ARCO - 10120 CENTRAL AVE
-117.68978,34.07818,"MONTCLAIR CA 91763
(909) 398-1891",ARCO - 9690 CENTRAL AVE
-117.68993,34.05567,"MONTCLAIR CA 91763
(909) 548-4445",ARCO - 5281 MISSION BLVD
-117.69001,33.97199,"CHINO CA 91709
(909) 393-9146",ARCO - 5280 FAIRFIELD RANCH
-117.69782,34.07384,"MONTCLAIR CA 91763
(909) 445-0444",ARCO - 4910 HOLT BLVD
-117.70702,34.03335,"CHINO CA 91710
(909) 591-2527",ARCO - 12100 RAMONA AVE
-117.70804,33.56484,"LAGUNA NIGUEL CA 92677
(949) 831-4108",ARCO - 27491 LA PAZ RD
-117.71457,33.98249,"CHINO CA 91709
(909) 393-8826",ARCO - 4123 CHINO HILLS PIKE
-117.72136,33.87197,"YORBA LINDA CA 92887
(714) 692-1653",ARCO - 23611 LA PALMA AVE
-117.73137,34.02697,"POMONA CA 91766
(909) 591-3534",ARCO - 2488 RESERVOIR STREET
-117.73666,34.09051,"POMONA CA 91767
(909) 625-1593",ARCO - 2510 N TOWNE AVE
-117.73686,34.06257,"POMONA CA 91767
(909) 623-8020",ARCO - 698 E HOLT AVE
-117.73943,34.10734,"POMONA CA 91766
(909) 447-4161",ARCO - 539 E FOOTHILL BLVD
-117.74051,34.02596,"POMONA CA 91766
(909) 621-5317",ARCO - 2505 TOWNE AVE
-117.74924,34.0267,"POMONA CA 91766
(909) 591-7845",ARCO - 2475 S GAREY AVE
-117.74942,34.04388,"POMONA CA 91766
(909) 868-7125",ARCO - 1510 GAREY AVE
-117.78016,33.65419,"IRVINE CA 92603
(714) 231-3141",ARCO - 6501 QUAIL HILL PKWY
-117.82227,33.7879,"ORANGE CA 92869
(714) 633-9032",ARCO - 2937 E CHAPMAN AVE.
-117.82524,33.73534,"TUSTIN CA 92780
(714) 838-3879",ARCO - 14121 NEWPORT AVE
-117.82943,34.10688,"SAN DIMAS CA 91773
(909) 592-3561",ARCO - 1115 W ARROW HWY
-117.8359,33.78821,"ORANGE CA 92867
(714) 997-9381",ARCO - 100 N TUSTIN AVE
-117.84191,33.90438,"PLACENTIA CA 92870
(714) 993-0070",ARCO - 1201 E IMPERIAL HWY
-117.84549,33.80927,"ORANGE CA 92867
(714) 538-7160",ARCO - 825 E KATELLA AVE
-117.84734,34.10687,"GLENDORA CA 91740
(626) 335-5367",ARCO - 857 E ARROW HWY
-117.84743,33.96773,"DIAMOND BAR CA 91765
(909) 598-8622",ARCO - 3302 S DIAMOND BAR BLVD
-117.84942,33.70873,"SANTA ANA CA 92705
(949) 955-9555",ARCO - 1727 E DYER RD
-117.85056,33.74302,"SANTA ANA CA 92701
(714) 541-0788",ARCO - 324 S GRAND AVE
-117.85313,33.81134,"ORANGE CA 92867
(714) 771-6022",ARCO - 1448 N GLASSELL STREET
-117.85323,33.79462,"ORANGE CA 92866
(714) 633-9374",ARCO - 480 N GLASSELL STREET
-117.85342,33.7454,"SANTA ANA CA 92701
(714) 953-6918",ARCO - 1222 E FIRST STREET
-117.85629,33.72805,"SANTA ANA CA 92707
(714) 973-0569",ARCO - 1539 S STANDARD AVE
-117.86342,34.12895,"GLENDORA CA 91740
(626) 335-6716",ARCO - 103 E ALOSTA AVE
-117.86559,33.88779,"PLACENTIA CA 92870
(714) 996-5071",ARCO - 102 E YORBA LINDA BLVD
-117.86775,33.71653,"SANTA ANA CA 92707
(714) 751-2187",ARCO - 2245 S MAIN STREET
-117.86987,33.74532,"SANTA ANA CA 92701
(714) 836-5553",ARCO - 302 W FIRST STREET
-117.87039,33.99735,"WALNUT CA 91789
(909) 598-3552",ARCO - 1010 FAIRWAY DRIVE
-117.87388,33.66074,"NEWPORT BEACH CA 92660
(949) 756-1731",ARCO - 2100 SE BRISTOL STREET
-117.87903,33.87442,"FULLERTON CA 92831
(714) 993-9111",ARCO - 401 N PLACENTIA AVE
-117.88076,33.91059,"FULLERTON CA 92835
(714) 529-6433",ARCO - 2840 E IMPERIAL HWY
-117.88144,33.81822,"ANAHEIM CA 92806
(714) 772-9352",ARCO - 2445 E BALL RD
-117.88187,33.66665,"COSTA MESA CA 92626
(714) 549-1849",ARCO - 300 BRISTOL STREET
-117.88496,33.75165,"SANTA ANA CA 92703
(714) 541-1665",ARCO - 801 N BRISTOL STREET
-117.88831,33.67959,"COSTA MESA CA 92626
(714) 545-1132",ARCO - 751A BAKER STREET
-117.88841,33.67051,"COSTA MESA CA 92626
(714) 966-3003",ARCO - 3003 NEWPORT BLVD
-117.89105,33.8598,"FULLERTON CA 92831
(714) 446-9701",ARCO - 2351 E ORANGETHORPE AVE
-117.89692,33.75975,"SANTA ANA CA 92706
(714) 543-2288",ARCO - 2016 W 17TH STREET
-117.90012,33.82989,"ANAHEIM CA 92805
(714) 772-1836",ARCO - 727 S EAST STREET
-117.90021,33.91623,"BREA CA 92821
(714) 529-9816",ARCO - 120 E IMPERIAL HWY
-117.90546,33.7344,"SANTA ANA CA 92704
(714) 641-0640",ARCO - 2730 W MCFADDEN AVE
-117.90656,33.85944,"FULLERTON CA 92831
(714) 526-4855",ARCO - 1202 E ORANGETHORPE
-117.90746,33.66327,"COSTA MESA CA 92626
(714) 850-0663",ARCO - 2490 FAIRVIEW RD
-117.9075,34.07569,"WEST COVINA CA 91791
(626) 332-3404",ARCO - 300 N AZUSA AVE
-117.91324,33.64787,"COSTA MESA CA 92627
(949) 631-2734",ARCO - 2021 NEWPORT BLVD
-117.91762,34.02401,"LA PUENTE CA 91744
(626) 913-0685",ARCO - 362 N AZUSA AVE
-117.92306,34.01351,"LA PUENTE CA 91744
(626) 810-4792",ARCO - 447 S AZUSA AVE
-117.92472,34.0893,"COVINA CA 91722
(626) 967-8050",ARCO - 1680 W SAN BERNARDINO RD
-117.93114,33.92478,"LA HABRA CA 90631
(562) 690-7444",ARCO - 1401 E LAMBERT RD
-117.93191,33.64332,"COSTA MESA CA 92627
(949) 650-1960",ARCO - 799 W 19TH STREET
-117.93802,33.76672,"GARDEN GROVE CA 92843
(714) 638-4592",ARCO - 13511 EUCLID STREET
-117.93804,33.76914,"GARDEN GROVE CA 92843
(714) 534-7557",ARCO - 13331 EUCLID STREET
-117.94193,33.84696,"ANAHEIM CA 92801
(714) 774-3023",ARCO - 1700 W LA PALMA AVE
-117.95388,33.69335,"FOUNTAIN VALLEY CA 92708
(714) 963-0816",ARCO - 18520 BROOKHURST STREET
-117.95396,33.69475,"FOUNTAIN VALLEY CA 92708
(714) 968-6050",ARCO - 18480 BROOKHURST STREET
-117.95473,33.76706,"GARDEN GROVE CA 92843
(714) 534-2530",ARCO - 13482 BROOKHURST STREET
-117.95887,33.82879,"ANAHEIM CA 92804
(714) 533-4045",ARCO - 300 S BROOKHURST STREET
-117.95888,33.83893,"ANAHEIM CA 92801
(714) 776-6715",ARCO - 530 N BROOKHURST STREET
-117.9591,33.81745,"ANAHEIM CA 92804
(714) 563-9940",ARCO - 1201 S BROOKHURST STREET
-117.9652,34.00516,"HACIENDA HEIGHTS CA 91745
(626) 336-0594",ARCO - 1401 S HACIENDA BLVD
-117.97168,33.6874,"FOUNTAIN VALLEY CA 92708
(714) 964-2587",ARCO - 18975 MAGNOLIA STREET
-117.97265,33.76651,"GARDEN GROVE CA 92844
(714) 373-3018",ARCO - 13501 MAGNOLIA STREET
-117.9758,33.82841,"ANAHEIM CA 92804
(714) 761-8012",ARCO - 304 S MAGNOLIA AVE
-117.97734,33.90876,"LA MIRADA CA 90638
(562) 691-8576",ARCO - 13550 BEACH BLVD
-117.98474,33.81739,"ANAHEIM CA 92804
(714) 484-0659",ARCO - 2800 W BALL RD
-117.98544,33.83234,"ANAHEIM CA 92801
(714) 995-3365",ARCO - 2811 W LINCOLN AVE
-117.98883,33.67266,"HUNTINGTON BEACH CA 92648
(714) 960-3125",ARCO - 19971 BEACH BLVD
-117.9929,33.93113,"WHITTIER CA 90604
(562) 943-4436",ARCO - 15750 E LEFFINGWELL RD
-117.99365,33.7491,"WESTMINSTER CA 92683
(714) 531-0160",ARCO - 14511 BROOKHURST STREET
-118.00056,33.94674,"WHITTIER CA 90603
(562) 943-1635",ARCO - 15306 E WHITTIER BLVD
-118.00213,33.85883,"BUENA PARK CA 90621
(714) 522-0164",ARCO - 7510 ORANGETHORPE AVE
-118.00728,33.77175,"WESTMINSTER CA 92683
(714) 898-1677",ARCO - 13142 GOLDENWEST STREET
-118.01092,33.84673,"BUENA PARK CA 90620
(714) 522-0060",ARCO - 7990 KNOTT AVE
-118.01909,33.75915,"WESTMINSTER CA 92683
(714) 903-6295",ARCO - 6311 WESTMINSTER AVE
-118.03261,34.04331,"SOUTH EL MONTE CA 91733
(626) 575-4671",ARCO - 1808 S DURFEE AVE
-118.03814,33.85854,"LA PALMA CA 90623
(714) 523-5674",ARCO - 5472 ORANGETHORPE AVE
-118.04128,33.72218,"HUNTINGTON BEACH CA 92649
(714) 840-4364",ARCO - 16502 BOLSA CHICA STREET
-118.04166,33.96059,"WHITTIER CA 90602
(562) 693-4328",ARCO - 13010 E LAMBERT RD
-118.04461,33.89203,"SANTA FE SPRINGS CA 90670
(562) 404-1018",ARCO - 13460 E FIRESTONE BLVD
-118.04517,33.83153,"CYPRESS CA 90630
(714) 828-2990",ARCO - 5012 LINCOLN AVE
-118.04604,33.81672,"CYPRESS CA 90630
(714) 828-6131",ARCO - 4988 BALL RD
-118.04658,33.93177,"WHITTIER CA 90605
(562) 944-7115",ARCO - 10717 CARMENITA RD
-118.07194,33.83952,"LAKEWOOD CA 90715
(562) 809-1654",ARCO - 20940 NORWALK BLVD
-118.0721,33.8584,"CERRITOS CA 90701
(562) 402-1797",ARCO - 12202 SOUTH STREET
-118.07379,33.88748,"NORWALK CA 90650
(562) 802-0875",ARCO - 12158 ALONDRA BLVD
-118.08237,33.88958,"NORWALK CA 90650
(562) 281-0444",ARCO - 15604 S PIONEER BLVD
-118.0982,33.93532,"DOWNEY CA 90241
(562) 863-4085",ARCO - 10801 STUDEBAKER RD
-118.11067,33.9604,"DOWNEY CA 90240
(562) 622-5865",ARCO - 8863 LAKEWOOD BLVD
-118.11706,33.87302,"BELLFLOWER CA 90706
(562) 920-1346",ARCO - 10201 ARTESIA BLVD
-118.12184,33.93882,"DOWNEY CA 90241
(562) 861-7286",ARCO - 10808 LAKEWOOD BLVD
-118.12444,33.78828,"LONG BEACH CA 90815
(562) 597-1728",ARCO - 1785 N BELLFLOWER BLVD
-118.13711,33.94416,"DOWNEY CA 90241
(562) 861-1159",ARCO - 11025 PARAMOUNT BLVD
-118.14637,33.76015,"LONG BEACH CA 90803
(562) 434-3352",ARCO - 3955 E OCEAN BLVD
-118.15179,33.9238,"DOWNEY CA 90242
(562) 861-1635",ARCO - 8010 IMPERIAL HWY
-118.15256,33.77915,"LONG BEACH CA 90804
(562) 434-5395",ARCO - 1001 REDONDO AVE
-118.15979,33.85391,"LAKEWOOD CA 90712
(562) 634-3462",ARCO - 5304 PARAMOUNT BLVD
-118.16405,33.77519,"LONG BEACH CA 90804
(562) 438-3169",ARCO - 2330 E 7TH STREET
-118.16719,33.84715,"LAKEWOOD CA 90712
(562) 423-7339",ARCO - 2011 DEL AMO BLVD
-118.1852,33.83638,"LONG BEACH CA 90807
(562) 426-2356",ARCO - 4385 ATLANTIC AVE
-118.19279,33.7897,"LONG BEACH CA 90806
(562) 591-4422",ARCO - 124 W PACIFIC HWY
-117.006513,33.744263,"HEMET CA 92545 
(951) 766-4435",ARCO - 298 S SANDERSON AVE
-117.168363,33.639687,"MURRIETA CA 92563
(951) 246-7004",ARCO - 33070 ANTELOPE RD
-117.229644,33.801463,"PERRIS CA 92571
 (951) 657-4895",ARCO - 280 W NUEVO ROAD
-116.947186,33.929593,"BEAUMONT CA 92223
 (951) 845-5221",ARCO - 1696 E 6TH ST
-117.207701,33.564182,"MURRIETTA CA 92562
 (951) 677-3469",ARCO - 41240 KALMIA ST
-117.322739,33.916188,"RIVERSIDE CA 92508
 (951) 780-7570",ARCO - 501 ALESANDRO BLVD
-117.226553,33.917442,"MORENO VALLEY CA 92553
 (951) 924-8404",ARCO - 24994 ALESSANDRO BLVD
-117.39949,34.005813,"RIVERSIDE CA 92509
 (951) 683-2660",ARCO - 2985 RUBIDOUX BLVD
-117.335232,33.694302,"LAKE ELSINORE CA 92532
 (909) 674-7377",ARCO - 29355 CENTRAL AVE
-117.278045,34.062838,"SAN BERNARDINO CA 92408
 (909) 370-3170",ARCO - 305 E REDLANDS BLVD
-117.225668,34.063263,"REDLANDS CA 92373
 (909) 798-3367",ARCO - 2098 W REDLANDS BLVD
-117.118918,34.02788,"YUCAIPA CA 92399
 (909) 794-5334",ARCO - 31340 YUCAIPA BLVD
-117.536094,33.844697,"CORONA CA 92881
 (909) 273-1142",ARCO - 1402 E ONTARIO AVE
-117.278614,34.092586,"SAN BERNARDINO CA 92408
 (951) 890-2300",ARCO - 495 S WATERMAN AVE
-117.395545,34.070621,"BLOOMINGTON CA 92316
 (909) 421-0768",ARCO - 18762 VALLEY BLVD
-117.057813,33.994323,"CALIMESA CA 92320
 (951) 795-2946",ARCO - 1216 CALIMESA BLVD
-117.954165,33.70866,"FOUNTAIN VALLEY CA 92708
 (714) 962-6270",ARCO - 17520 BROOKHURST ST
-117.954674,33.709402,"FOUNTAIN VALLEY CA 92708
 (714) 593-1936",ARCO - 17475 BROOKHURST ST
-117.370697,34.07014,"RIALTO CA 92376
 (909) 874-3023",ARCO - 111 W VALLEY BLVD
-117.195856,32.753347,Old Town State Park,
-117.19775,32.731489,Airport (SAN) - Terminal 1,
-117.20098,32731566,Airport (SAN) - Terminal 2,
-117.196815,32.725154,Harbor Island,
-117.223222,32.717944,Shelter Island,
-117.240514,32.672258,Point Loma Lighthouse,
-117.244614,32.686137,Ft Rosecrans National Cemetery,
-117.250678,32.716864,Pt. Loma Nazerene University,
-117.226694,32.763701,Sea World,
-117.210977,32.76892,Fiesta Island,
-117.209291,32.790261,Mission Bay,
-117.256748,32.79659,Pacific Beach area of San Diego,
-117.25095,32.772034,Mission Beach area of San Diego,
-117.251575,32.771701,Roller Coaster at Mission Beach,
-117.272747,32.85035,La Jolla area of San Diego,
-117.243034,32.874675,University of California at San Diego (UCSD),
-117.25775,32.918407,Torrey Pines State Reserve,
-117.251539,32.8999,Glider Port on the Beach Cliff,
-117.253955,32.897785,Black's Beach (Clothing Optional),
-117.256442,32.973742,Del Mar Fairgrounds and Horse Racing,
-117.266698,32.959436,City of Del Mar,
-117.131053,32.883492,Miramar MCAS (Former Home to Top Gun),
-117.17709,32.671068,San Diego Downtown,
-117.160603,32.706831,San Diego Convention Center,
-117.157125,32.706452,Petco Park (Home of the Padres),
-117.160148,32.711341,Gaslamp District,
-117.168693,32.711568,Kansas City BBQ (Top Gun Bar Scene),
-117.150605,32.725632,Balboa Park,
-117.148759,32.7355,San Diego Zoo,
-117.14834,32.731574,Museums at Balboa Park,
-117.119421,32.78308,Qualcomm Stadium (Home to the Chargers and Aztecs),
-117.074621,32.773789,Cox Arena (Entertainment),
-117.068906,32.774621,San Diego State University (SDSU) Aztecs,
-117.002374,33.094473,Wild Animal Park,
-116.675342,33.108805,Dudley's Bread Store,
-116.60236,33.078538,City of Julian - Old Gold Mining Town in the Mountains,
-116.580902,32.98858,Lake Cuyamaca (Fishing),
-116.460121,32.862163,Mt. Laguna Recreation Area,
-117.029295,32.541828,Mexico Border,
-117.212202,32.755262,Sports Arena (IPayOne Center),
-117.022301,32.767963,City of La Mesa,
-116.997863,32.744651,City of Spring Valley,
-117.030602,32.742465,City of Lemon Grove,
-116.961756,32.794657,City of El Cajon,
-116.973134,32.838627,City of Santee,
-116.921477,32.857202,City of Lakeside,
-116.86719,33.041725,City of Ramona,
-117.085867,33.119275,City of Escondido,
-117.16508,33.14371,City of San Marcos,
-117.035322,32.963095,City of Poway,
-117.014338,33.006463,Lake Poway (Fishing),
-117.099665,32.91401,Lake Miramar (Fishing),
-117.084883,32.678238,Scripps Ranch area of San Diego,
-117.098334,32.678238,City of National City,
-117.083337,32.640014,City of Chula Vista,
-117.112209,32.58413,City of Imperial Beach,
-117.004417,32.589716,Coors Amphitheatre (Entertainment),
-116.931651,32.648088,Lower Otay Lake (Fishing),
-116.933718,32.649448,Upper Otay Lake (Fishing),
-116.765532,32.835089,City of Alpine,
-116.93444,32.747257,Rancho San Diego area of County,
-117.31154,33.126025,Lego Land Amusement Park,
-117.35096,33.155064,Carlsbad State Beach,
-117.383723,33.194687,Oceanside Pier,
-117.390111,33.206965,Oceanside Harbor,
-117.378621,33.195794,City of Oceanside,
-117.349726,33.158165,City of Carlsbad,
-117.318558,33.125736,Carlsbad Flower Fields,
-117.271762,33.044383,City of Encinitas,
-117.270368,32.991073,City of Solana Beach,
-117.203084,33.020032,City of Rancho Santa Fe,
-117.11568,32.94835,Rancho Penasquitos area of San Diego,
-117.060867,33.018671,Rancho Bernardo area of San Diego,
-117.241673,33.200002,City of Vista,
-117.177044,32.681189,Hotel Del Coronado,
-117.182519,32.686004,City of Coronado,
-117.190492,32.771607,University of San Diego (USD),
-117.009199,32.587208,Knotts Soak City Water Park,
-116.597225,33.080952,Eagle Gold Mine in Julian,
-116.678104,33.130648,Mission Santa Ysabel,
-117.193766,32.759454,Serra Museum in Presidio Park,
-117.17336,32.714139,USS Midway Maritime Museum,
-117.173396,32.720246,Maritime Museum,
-117.169491,32.709135,Sea Port Village,
-117.243308,32.74333,Ocean Beach area of San Diego,
-117.253276,32.746919,Ocean Beach Pier,
-117.25669,32.796314,Crystal Pier in Pacific Beach,
-117.273329,32.814169,Bird Rock,
-117.244882,32.839593,Mt Soledad Cross and Vetran's Memorial,
-117.249639,32.86649,Birch Aquarium,
-117.254031,32.866138,Scripps Pier,
-117.28217,33.015379,Cardiff State Beach,
-117.257545,32.856682,La Jolla Shores Beach,
-117.029625,32.658131,City of Bonita,
-116.932492,32.831685,Winter Gardens area of El Cajon,
-116.936081,32.807552,Bostonia area of El Cajon,
-117.250742,33.376301,City of Fallbrook,
-117.320287,33.231137,Mission San Luis Rey,
-117.224826,32.288951,City of Bonsall,
-117.124442,33.061699,Lake Hodges (Fishing),
-117.040779,32.785335,Lake Murray (Fishing),
-116.867315,32.807777,Crest area of County,
-116.829293,32.820453,Harbison Canyon area of County,
-116.795184,32.87325,San Vicente Reservoir (Fishing),
-117.200043,32.699872,North Island Naval Air Station,
-117.193828,32.742548,MCRD (Marine Corp Recruiting Depot),
-117.169001,32.698436,Coronado to San Diego Ferry,
-117.173538,32.715496,Port of San Diego,
-117.174328,32.715854,San Diego to Coronado Ferry,
-117.173459,32.717397,Cruise Ship Berth,
-117.180043,32.727542,Stoplight for cars to allow Coast Guard planes to cross road,
-117.252594,32.754213,Dog Beach,
-116.756708,33.233715,Lake Henshaw (Fishing),
-116.634055,33.283127,Warner Springs area of County,
-116.865113,33.35617,Palomar Mountain and Observatory,
-117.013875,33.240648,Valley Center area of County,
-117.147237,33.410593,Rainbow area of County,
-117.163954,33.073864,Elfin Forest area of County,
-117.182999,32.99585,Fairbanks Ranch area of County,
-117.209954,32.869983,University City area of San Diego,
-117.144108,32.699281,San Diego to Coronado Bridge,
-117.132482,32.579539,Imperial Beach Pier,
-117.01817,32.533584,"Tijuana, Mexico",
-117.120558,32.743618,Site of 1978 PSA Flight 182 Crash,
-117.166663,32.749918,Hillcrest area of San Diego,
-117.187728,32.79446,Tecelote Canyon,
-117.278315,32.847147,Children's Pool at La Jolla,
-117.2729,32.850188,La Jolla Cove (Scuba Diving),
-117.270322,32.849213,La Jolla Sea Cave,
-117.23941,32.687403,Navy's Submarine Base,
-117.186072,32.70699,Docking Locations for Large Navy Ships,
-117.157378,32.680183,Navy Seal's Training Area,
-117.156241,32.658239,Silver Strand Beach,
-117.224064,32.716832,Humphrey's On The Bay (Entertainment),
-117.239784,32.674166,Cabrillo Monument,
-117.245337,32.669418,Pt Loma Tide Pools,
-117.256762,32.719441,Sunset Cliffs,
-117.154751,32.819799,Der Wienerschnitzel - seen on TV in 1995 tank rampage,
-117.279121,33.051918,Quail Gardens Botanical,
-117.00487,32.844356,Santee Lakes (Fishing),
-117.027369,32.844634,Mission Trails Park,
-117.107244,32.784193,Mission San Diego de Alcala,
-117.160889,32.7136,Cafe Lulu SurfandSip,
-117.16828,32.721973,It's A Grind (India) SurfandSip,
-117.214306,32.850942,Java City (University City) SurfandSip,
-117.202866,32.895555,Courtyard San Diego/Sorrento Mesa ibahn,
-117.143514,32.832935,Residence Inn San Diego Central ibahn,
-117.171011,32.722457,Residence Inn San Diego Downtown ibahn,
-117.11687,32.810471,San Diego - Mission Valley ibahn,
-117.165143,32.709341,San Diego Marriott Hotel & Marina ibahn,
-117.141028,32.775589,San Diego Marriott Mission Valley ibahn,
-117.195063,32.750459,San Diego- Old Town Courtyard ibahn,
-117.160033,32.713608,T-Mobile Starbucks 5th and F Street tmobile,
-117.092654,32.585579,T-Mobile Starbucks Palm & Saturn San Diego tmobile,
-117.101059,32.823043,T-Mobile Starbucks Tierrasanta & Santo San Diego tmobile,
-117.099374,32.937148,T-Mobile Starbucks Scripps Ranch Village tmobile,
-117.154129,32.765921,T-Mobile Borders Camino Del Rio tmobile,
-117.120614,32.915458,T-Mobile Starbucks Mira Mesa & I-15 San Diego tmobile,
-117.08252,32.980335,T-Mobile Borders Rancho Carmel tmobile,
-117.043465,32.560806,T-Mobile Starbucks Carmel Mountain tmobile,
-117.074622,33.020225,T-Mobile Starbucks Rancho Bernardo tmobile,
-117.159254,32.717739,T-Mobile Starbucks 525 B Street tmobile,
-117.153015,32.748549,T-Mobile Starbucks University & Richmond - San Diego tmobile,
-117.06157,33.018608,T-Mobile Starbucks Rancho Bernardo and Pomerado tmobile,
-117.126387,32.959259,T-Mobile Starbucks Rancho Penasquitos tmobile,
-117.148739,32.770366,T-Mobile Starbucks Park in the Valley - San Diego tmobile,
-117.237603,32.800506,T-Mobile Starbucks Pacific Beach tmobile,
-117.128975,32.779521,T-Mobile Starbucks Friars Rd & Fenton Pkwy San Diego tmobile,
-117.207749,32.747907,T-Mobile Starbucks Point Loma tmobile,
-117.052083,32.743198,T-Mobile Starbucks College Grove & College way San Di tmobile,
-117.161551,32.711479,T-Mobile Starbucks 4th and Market tmobile,
-117.232182,32.954488,T-Mobile Starbucks Del Mar Highlands tmobile,
-117.116082,32.808837,T-Mobile Starbucks Stonecrest Plaza tmobile,
-117.160416,32.746972,T-Mobile Starbucks 5TH and Robinson tmobile,
-117.23066,32.937787,T-Mobile Starbucks Carmel Creek and Valley Center tmobile,
-117.106437,32.763242,T-Mobile Starbucks Adams & Marlborough - San Diego tmobile,
-117.182132,32.819944,T-Mobile Starbucks Genesee Plaza tmobile,
-117.14943,32.817762,T-Mobile Starbucks Kearny Mesa tmobile,
-117.25474,32.794135,T-Mobile Starbucks P.B. Marketplace tmobile,
-117.206123,32.829435,T-Mobile Starbucks Clairemont Square tmobile,
-117.250981,32.746803,T-Mobile Starbucks Newport and Bacon tmobile,
-117.154351,32.776702,T-Mobile Starbucks Friars Mission tmobile,
-117.168286,32.715769,T-Mobile Starbucks Broadway & Kettner San Diego tmobile,
-117.065607,32.762175,T-Mobile Starbucks Campus Plaza tmobile,
-117.097737,32.78691,T-Mobile Starbucks Mission Gorge Rd. - San Diego tmobile,
-117.159213,32.712232,T-Mobile Borders 6th Avenue tmobile,
-117.164125,32.878925,T-Mobile Starbucks Miramar & Production San Diego tmobile,
-117.164822,32.83253,T-Mobile Starbucks Clairemont Mesa & Shawline SDiego tmobile,
-117.163419,32.713227,T-Mobile Starbucks Horton Plaza II tmobile,
-117.146279,32.912717,T-Mobile Starbucks Mira Mesa Mall tmobile,
-117.214187,32.87006,T-Mobile Starbucks Genesee & Nobel Dr. San Diego tmobile,
-117.201603,32.89304,T-Mobile Starbucks Sorrento Court - San Diego tmobile,
-117.121646,32.917283,T-Mobile Starbucks Mira Mesa tmobile,
-117.066963,32.765918,T-Mobile Starbucks College & Lindo Paseo San Diego tmobile,
-117.120144,32.787472,T-Mobile Starbucks FRIARS AND RIVERDALE tmobile,
-117.16016,32.715861,T-Mobile 5th & Broadway tmobile,
-117.075373,33.022914,T-Mobile Kinko's tmobile,
-117.159862,32.71676,T-Mobile Kinko's Downtown tmobile,
-117.157701,32.748377,T-Mobile Kinko's Hillcrest tmobile,
-117.116731,32.809841,T-Mobile Kinko's Kearny Mesa tmobile,
-117.159239,32.769874,T-Mobile Kinko's Mission Valley tmobile,
-117.236529,32.80074,T-Mobile Kinko's Pacific Beach tmobile,
-117.215251,32.752196,T-Mobile Kinko's Point Loma tmobile,
-117.081948,32.572804,T-Mobile Starbucks 5th & Laurel tmobile,
-117.100205,32.904543,T-Mobile Starbucks Aviary & Scripps Ranch-San Dieg tmobile,
-117.13071,32.83136,T-Mobile Starbucks Clairemont Mesa & Overland tmobile,
-117.085039,32.722254,T-Mobile Starbucks Euclid & Federal tmobile,
-117.170318,32.749905,T-Mobile Starbucks Falcon & Washington tmobile,
-117.113013,32.937166,T-Mobile Starbucks Mercy Road & I-15 tmobile,
-117.173261,32.907147,T-Mobile Starbucks Mira Mesa tmobile,
-117.035035,32.57701,T-Mobile Starbucks Palm & The 805 Fwy tmobile,
-117.205945,32.751934,T-Mobile Starbucks Sports Arena Blvd & Rosecrans tmobile,
-117.172032,32.760525,Handlery Hotel and Resort Wayport_Access,
-117.18479,32.759825,Red Lion Hanalei Hotel Wayport_Access,
-117.006263,32.778366,T-Mobile Grossmont Center Dr tmobile,
-117.206245,32.752113,T-Mobile Sports Arena Blvd tmobile,
-117.234392,32.951209,Barnes and Noble #01974 attwifi,
-117.078919,32.979976,Barnes and Noble #01976 attwifi,
-117.120442,32.916563,Barnes and Noble #02984 attwifi,
-117.158357,32.770436,Barnes and Noble #01978 attwifi,
-117.163758,32.711426,T-Mobile Starbucks 1st And Market tmobile,
-117.05368,32.768479,T-Mobile Starbucks El Cajon & 67Th tmobile,
-117.106092,32.951288,La Quinta Inn San Diego (Rancho Penasquitos) ibahn,
-117.1898,32.729021,Hertz - San Diego Wayport_Access,
-117.075373,33.022914,Mission Federal Credit Union-Rancho Bernardo attwifi,
-117.189306,32.728997,Avis - San Diego Int'l Airport attwifi,
-117.201501,32.832187,Mission Federal Credit Union-Clairemont attwifi,
-117.254899,32.790587,Surfer Beach Hotel attwifi,
-117.162887,32.715873,Fashion Institute of Design- San Diego attwifi,
-117.195285,32.76732,Mission FCU-Old Town-Linda Vista attwifi,
-117.142348,32.770157,Mission FCU-Mission Valley attwifi,
-117.15632,32.767404,Coffee Bean & Tea Leaf (#101) attwifi,
-117.214176,32.869067,Barnes and Noble #01823 attwifi,
-117.193586,32.893651,Mission Federal Credit Union-Sorrento Mesa attwifi,
-117.127147,32.828764,National University-Spectrum Academic attwifi,
-117.164122,32.749944,Coffee Bean & Tea Leaf (#68) attwifi,
-117.120636,32.91644,Mission FCU-Mira Mesa attwifi,
-117.245276,32.798807,T-Mobile Starbucks Garnet & Fanuel tmobile,
-117.169415,32.726387,T-Mobile Starbucks India & Hawthorn tmobile,
-117.006203,32.802778,T-Mobile Starbucks Navajo & Hwy 125 tmobile,
-117.111821,33.01507,T-Mobile Starbucks Camino Del Norte & Dove Canyon tmobile,
-117.14796,32.767194,Westfield - Mission Valley westfield,
-117.20866,32.873808,Westfield - UTC westfield,
-117.153248,32.830545,T-Mobile Starbucks Convoy & Raytheon San Diego tmobile,
-117.25967,32.929201,CA State Park - Torrey Pines SB (#631) attwifi,
-117.092656,32.584789,Mission FCU-South Bay attwifi,
-117.130541,32.915566,Coffee Bean & Tea Leaf (#74) attwifi,
-117.14473,32.767712,Scottish Rite Masonic Cntr - San Diego Event Cntr attwifi,
-117.179129,32.820053,Coffee Bean & Tea Leaf (#99) attwifi,
-117.085085,32.708718,T-Mobile Starbucks Euclid & Market San Diego tmobile,
-117.099562,32.702532,T-Mobile Starbucks Imperial & The 805 (Uco) tmobile,
-117.216577,32.851545,T-Mobile Starbucks Governor Dr. & Regents Rd. SD tmobile,
-117.164276,32.70889,San Diego Convention Center Instant Internet,
-117.158357,32.770436,T-Mobile Starbucks Frazee & Friars tmobile,
-117.120637,32.916481,T-Mobile FedEx Kinko's Mira Mesa CA Eastside tmobile,
-117.16153,32.71572,Cinnabon McDonald's Food court Termin flysandiego,
-117.16153,32.71572,United USA Rotunda NFL Terminal 1 flysandiego,
-117.16153,32.71572,Karl Strauss Beer Garden Terminal 2 flysandiego,
-117.16153,32.71572,South West Rotunda air side Terminal 1 flysandiego,
-117.16153,32.71572,Bloody Mary's Bar Terminal 2 flysandiego,
-117.16153,32.71572,Home Turf Bar Terminal 2 flysandiego,
-117.16153,32.71572,Top Gun Bar Terminal 1 flysandiego,
-117.16153,32.71572,Arriba Margarita Restaurant Terminal 1 flysandiego,
-117.075833,32.983955,Coffee Bean & Tea Leaf #186 attwifi,
-117.158914,32.708327,STANFORD HOTELS - San Diego Marriott Gaslamp Quarter Wayport_Access,
-117.214393,32.921572,T-Mobile Starbucks Carmel Mountain & E. Ocean Air tmobile,
-117.13384,32.718077,T-Mobile Starbucks 28th & B Street San Diego (UCO tmobile,
-117.238519,32.936306,San Diego Marriott Del Mar stayonline,
-117.131274,32.748401,T-Mobile Starbucks 29th & University San Diego (U tmobile,
-117.197541,32.755625,CA State Park - Old Town San Diego SHP (#667) attwifi,
-117.146785,32.774512,Mission at Rio Vista Apartments attwifi,
-117.161836,32.710414,The Horton Grand Hotel vanguard_base,
-117.253186,32.777114,Phone Room nnu,
-117.19724,32.764912,T-Mobile Starbucks Linda Vista & Napa San Diego tmobile,
-116.964546,32.567684,T-Mobile Starbucks Hwy 905 & La Media San Diego tmobile,
-117.155476,32.711527,T-Mobile Starbucks 10th & Market San Diego tmobile,
-117.198201,32.729453,San Diego Airport (SAN) - Karl Strauss B flysandiego,
-117.070525,32.759733,Living Room Coffeehouse SDSU ICOA,
-117.141677,32.826649,Courtyard San Diego Central - guest room ibahn,
-117.107659,32.936568,Residence Inn San Diego Scripps Poway - guest room ibahn,
-117.107729,32.936854,Sprinhill Suites San Diego Rancho - guest room ibahn,
-117.170368,32.786164,McDonald's 04154 Wayport_Access,
-117.226578,32.72768,McDonald's 15396 Wayport_Access,
-117.100889,32.748578,McDonald's 25567 Wayport_Access,
-117.194189,32.794425,McDonald's 17799 Wayport_Access,
-117.178163,32.820335,McDonald's 13410 Wayport_Access,
-117.151076,32.748566,McDonald's 03929 Wayport_Access,
-117.159559,32.880133,McDonald's 06348 Wayport_Access,
-117.214321,32.866749,McDonald's 11181 Wayport_Access,
-117.09771,32.789293,McDonald's 03813 Wayport_Access,
-117.098855,32.937107,McDonald's 18014 Wayport_Access,
-117.16406,32.832539,McDonald's 12915 Wayport_Access,
-117.058297,32.557134,McDonald's 07382 Wayport_Access,
-117.107432,32.95052,McDonald's 05416 Wayport_Access,
-117.135707,32.831323,McDonald's 05458 Wayport_Access,
-117.139513,32.755196,McDonald's 06981 Wayport_Access,
-117.046192,32.688991,McDonald's 10807 Wayport_Access,
-117.21903,32.806312,McDonald's 25166 Wayport_Access,
-117.201606,32.893134,McDonald's 11180 Wayport_Access,
-117.084876,32.720399,McDonald's 10094 Wayport_Access,
-117.101147,32.823064,McDonald's 24780 Wayport_Access,
-117.249625,32.797854,McDonald's 01230 Wayport_Access,
-117.071552,32.770716,McDonald's 04769 Wayport_Access,
-117.010739,32.80253,McDonald's 01529 Wayport_Access,
-117.153829,32.718664,McDonald's 03181 Wayport_Access,
-117.07679,32.981813,McDonald's 11252 Wayport_Access,
-117.217922,32.753916,McDonald's 01014 Wayport_Access,
-117.081078,32.757657,McDonald's 12327 Wayport_Access,
-117.127646,32.783898,McDonald's 24113 Wayport_Access,
-117.130139,32.915879,McDonald's 02902 Wayport_Access,
-117.201496,32.833414,McDonald's 02032 Wayport_Access,
-117.220683,32.718817,Shelter Island Cove iDockUSA,
-117.19206,32.724756,Sun Road idockusa,
-117.201074,32.725255,Cabrillo Isle idockusa,
-117.164369,32.715769,Coffee Bean & Tea Leaf # 190 attwifi,
-117.229042,32.953148,Coffee Bean & Tea LEaf #231 attwifi,
-117.210191,32.745474,Barnes & Noble attwifi,
-117.039296,32.583726,McDonald's 04912 Wayport_Access,
-117.231765,32.954653,McDonald's 10996 Wayport_Access,
-117.217149,32.803499,Best Value Inn at Mission Bay bestvalueinn,
-117.166512,32.715765,Wyndham San Diego at Emerald Plaza Wayport_Access,
-117.15008,32.766045,Sheraton San Diego Wayport_Access,
-117.363206,33.173416,Courtyard by Marriott San Diego Wayport_Access,
-117.183806,32.759186,Ramada Plaza Hotel San Diego Wayport_Access,
-117.23777,32.935935,Doubletree Hotel San Diego/Del Mar Wayport_Access,
-117.161731,32.715694,U.S. Grant Hotel Wayport_Access,
-117.078007,33.01886,Courtyard by Marriott San Diego/Rancho Bernardo Wayport_Access,
-117.150636,32.810037,Four Points by Sheraton San Diego Wayport_Access,
-117.116482,32.80951,McDonald's 13408 Wayport_Access,
-117.133774,32.692785,McDonald's 05480 Wayport_Access,
-117.16153,32.71572,Navy Lodge San Diego nnu,
-116.981026,32.841557,Santee Town Center,
-116.982048,32.826847,Gillespie Field,
-116.9757,32.804558,Arnele Avenue,
-116.976143,32.791924,El Cajon Transit Center,
-117.001747,32.785389,Amaya Drive,
-117.011307,32.781746,Grossmont Transit Center,
-117.045601,32.773361,70th St.,
-117.056801,32.777325,Alvarado Medical Center,
-117.07077,32.77319,SDSU Transit Center,
-117.097488,32.780491,Grantville,
-117.111031,32.780857,Mission San Diego,
-117.119576,32.780975,Qualcomm Stadium,
-117.127167,32.778286,Fenton Parkway,
-117.141853,32.773617,Rio Vista,
-117.150002,32.771076,Mission Valley,
-117.158272,32.770252,Hazard Center,
-117.169029,32.76543,Fashion Valley Transit Center,
-117.196663,32.76355,Linda Vista,
-117.199539,32.754772,Old Town Transit Center,
-117.184296,32.741573,Washington St.,
-117.174805,32.733608,Middletown,
-117.169937,32.721451,Little Italy Station,
-117.16983,32.717327,Amtrak Station/Sante Fe Depot,
-117.168808,32.71648,American Plaza,
-117.162834,32.716724,Civic Center,
-117.159683,32.716743,Fifth Avenue,
-117.15406,32.716187,City College,
-117.153809,32.710922,Park & Market,
-117.153099,32.705513,12th & Imperial Transit Center,
-117.146667,32.69796,Barrio Logan,
-117.132904,32.691223,Harborside,
-117.124863,32.686008,Pacific Fleet,
-117.113068,32.674606,8th St.,
-117.107971,32.661957,24th St.,
-117.098869,32.638931,Bayfront/E Street Station,
-117.095383,32.629871,H Street Station,
-117.084747,32.602791,Palomar St.,
-117.083885,32.585091,Palm Avenue,
-117.067093,32.569485,Iris Avenue,
-117.04702,32.557693,Beyer Blvd.,
-117.029503,32.544586,San Ysidro/International Border,
-117.020561,32.764839,La Mesa Blvd.,
-117.017281,32.756901,Spring St.,
-117.03083,32.743202,Lemon Grove Depot,
-117.039711,32.723579,Massachusetts Ave.,
-117.063057,32.710209,Encanto/62nd St.,
-117.085892,32.709633,Euclid Trolley,
-117.09507,32.708305,47th St.,
-117.124954,32.705524,32nd St. & Commercial,
-117.140549,32.705303,25th & Commercial,
-117.168236,32.711494,Seaport Village,
-117.163628,32.709084,Convention Center,
-117.160072,32.707012,Gaslamp Quarter,
-117.15043,32.810005,3 Par At Four Points -  (Public),"8110 Aero Dr, San Diego, CA, 92123, (858) 277-8888, 9 holes - 793 yards - par 27"
-117.096132,32.794893,Admiral Baker Golf Course - North Course (Private),"Friars Rd & Admiral Baker Rd, San Diego, CA, 92120, (619) 556-5520, 18 holes - 6822 yards - par 72"
-117.096132,32.794893,Admiral Baker Golf Course - South Course (Private),"Friars Rd & Admiral Baker Rd, San Diego, CA, 92120, (619) 556-5520, 18 holes - 6061 yards - par 72"
-117.288241,33.274351,Arrowood Golf Course -  (Public),"5201 A Village Dr, Oceanside, CA, 92057, (760) 967-8400, 18 holes - 6721 yards - par 71"
-117.136691,32.724447,Balboa Park Golf Course -  (Municipal),"2600 Golf Course Dr, San Diego, CA, 92102, (619) 239-1660, 18 holes - 6267 yards - par 72"
-117.136691,32.724447,Balboa Park Golf Course - Executive Course (Municipal),"2600 Golf Course Dr, San Diego, CA, 92102, (619) 239-1660, 9 holes - 2197 yards - par 32"
-116.869462,32.933515,Barona Creek Golf Club -  (Public),"1932 Wildcat Canyon Rd, Lakeside, CA, 92040, (888) 722-7662, 18 holes - 7088 yards - par 72"
-117.071567,33.005189,Bernardo Heights Country Club -  (Private),"16066 Bernardo Heights Pkwy, San Diego, CA, 92128, (858) 487-4022, 18 holes - 6748 yards - par 72"
-117.015699,32.680119,Bonita Golf Club -  (Public),"5540 Sweetwater Rd, Bonita, CA, 91902, (619) 267-1103, 18 holes - 6287 yards - par 71"
-117.009671,32.842719,Carlton Oaks Country Club -  (Public),"9200 Inwood Dr, Santee, CA, 92071, (800) 831-6757, 18 holes - 7090 yards - par 72"
-117.076292,32.974756,Carmel Mountain Ranch Country Club -  (Public),"14050 Carmel Ridge Rd, San Diego, CA, 92128, (858) 487-9224, 18 holes - 6296 yards - par 71"
-117.145014,33.25575,Castle Creek Golf Club -  (Public),"8797 Circle R Dr, Escondido, CA, 92026, (760) 749-2422, 18 holes - 6372 yards - par 72"
-117.356849,33.19327,Center City Golf Course -  (Public),"Oceanside Boulevard @ Saratoga, Oceanside, CA, 92054, (760) 433-8590, 18 holes - 4797 yards - par 66"
-117.031867,32.661286,Chula Vista Municipal Golf Course -  (Municipal),"4475 Bonita Rd, Bonita, CA, 91902, (619) 479-4141, 18 holes - 6759 yards - par 73"
-117.083535,32.75104,Colina Park Golf Course -  (Municipal),"4085 52nd St, San Diego, CA, 92105, (619) 582-4704, 18 holes - 1252 yards - par 54"
-117.167659,32.684808,Coronado Municipal Golf Course -  (Municipal),"2000 Visalia Row, Coronado, CA, 92118, (619) 435-3121, 18 holes - 6633 yards - par 72"
-116.91134,32.748314,Cottonwood Golf - Ivanhoe Course (Public),"3121 Willow Glen Dr, El Cajon, CA, 92019, (800) 455-1902, 18 holes - 6837 yards - par 72"
-116.91134,32.748314,Cottonwood Golf - Monte Vista Course (Public),"3121 Willow Glen Dr, El Cajon, CA, 92019, (800) 455-1902, 18 holes - 6248 yards - par 71"
-117.195727,32.978568,Del Mar Country Club -  (Private),"6001 Clubhouse Drive, Rancho Santa Fe, CA, 92067, (858) 759-5525, 18 holes - 6950 yards - par 72"
-117.091142,32.978265,Doubletree Golf Resort -  (Public),"14455 Penasquitos Dr, San Diego, CA, 92129, (858) 485-4145, 18 holes - 6500 yards - par 72"
-117.007385,33.116605,Eagle Crest Golf Club -  (Public),"3101 Hidden Oaks Ln, Escondido, CA, 92027, (760) 737-9762, 18 holes - 6417 yards - par 72"
-116.958181,32.639487,Eastlake Country Club -  (Public),"2375 Clubhouse Dr, Chula Vista, CA, 91915, (619) 482-5757, 18 holes - 6606 yards - par 72"
-117.321822,33.182594,El Camino Country Club -  (Private),"3202 Vista Way, Oceanside, CA, 92056, (760) 757-2100, 18 holes - 6734 yards - par 72"
-117.332191,33.215256,Emerald Isle Golf Course -  (Public),"660 S El Camino Real, Oceanside, CA, 92057, (760) 721-4700, 18 holes - 2500 yards - par 56"
-117.276373,33.070935,Encinitas Ranch Golf Course -  (Municipal),"1275 Quail Gardens Dr, Encinitas, CA, 92024, (760) 944-1936, 18 holes - 6523 yards - par 72"
-117.124232,33.157101,Escondido Country Club -  (Private),"1800 W Country Club Ln, Escondido, CA, 92026, (760) 746-4212, 18 holes - 6140 yards - par 70"
-117.206819,32.9791,Fairbanks Ranch Country Club -  (Private),"15150 San Dieguito Road, Rancho Sante Fe, CA, 92067, (858) 259-8819, 18 holes - 7225 yards - par 72"
-117.190623,33.342525,Fallbrook Golf Club -  (Public),"2757 Gird Rd, Fallbrook, CA, 92028, (760) 728-8334, 18 holes - 6223 yards - par 72"
-117.286309,33.093277,Four Seasons Resort Aviara - Aviara Course (Public),"7447 Batiquitos Dr, Carlsbad, CA, 92011, (760) 603-6900, 18 holes - 7007 yards - par 72"
-117.265783,33.092411,La Costa Resort & Spa - North Course (Private),"2100 Costa del Mar Rd, Carlsbad, CA, 92009, (800) 854-5000, 18 holes - 7021 yards - par 72"
-117.265783,33.092411,La Costa Resort & Spa - South Course (Private),"2100 Costa del Mar Rd, Carlsbad, CA, 92009, (800) 854-5000, 18 holes - 7004 yards - par 72"
-117.260794,32.852141,La Jolla Beach & Tennis Club -  (Private),"2000 Spindrift Dr, La Jolla, CA, 92037, (858) 454-7126, 9 holes - 1362 yards - par 27"
-117.269581,32.837455,La Jolla Country Club -  (Private),"7301 High Ave, La Jolla, CA, 92037, (858) 454-9601, 18 holes - 6713 yards - par 72"
-117.203977,33.124022,Lake San Marcos Country Club -  (Private),"1750 San Pablo Dr, San Marcos, CA, 92078, (760) 744-1310, 18 holes - 6515 yards - par 72"
-117.21745,33.121423,Lake San Marcos Executive Golf Course -  (Public),"1556 Camino del Arroyo, San Marcos, CA, 92078, (760) 744-9092, 18 holes - 2700 yards - par 58"
-117.240739,32.995834,Lomas Santa Fe Country Club -  (Private),"1505 Lomas Santa Fe Dr, Solana Beach, CA, 92075, (858) 755-6768, 18 holes - 6607 yards - par 72"
-117.239672,32.999464,Lomas Santa Fe Executive Golf Course -  (Public),"1580 Sun Valley Rd, Solana Beach, CA, 92075, (858) 755-0195, 18 holes - 2295 yards - par 56"
-117.022409,33.035097,Maderas Golf Club -  (Public),"17750 Old Coach Rd, Poway, CA, 92064, (858) 451-8100, 18 holes - 7115 yards - par 72"
-117.377329,33.24991,Marine Memorial Golf Course -  (Private),"Golf Course Road, Bldg. 18415, Camp Pendleton, CA, 92055, (760) 725-4390, 18 holes - 6711 yards - par 72"
-117.109291,33.215505,Meadow Lake Golf Course -  (Public),"10333 Meadow Glen Way E, Escondido, CA, 92026, (760) 749-1620, 18 holes - 6557 yards - par 72"
-117.115473,32.872051,Miramar Memorial Golf Course -  (Private),"U.S. Marine Corps, San Diego, CA, 92145, (858) 577-4155, 18 holes - 6818 yards - par 72"
-117.216405,32.798836,Mission Bay Golf Resort -  (Municipal),"2702 N Mission Bay Dr, San Diego, CA, 92109, (858) 581-7880, 18 holes - 2719 yards - par 58"
-117.037732,32.8015,Mission Trails Golf Course -  (Public),"7380 Golfcrest Pl, San Diego, CA, 92119, (619) 460-5400, 18 holes - 6004 yards - par 71"
-117.209306,32.991195,Morgan Run Resort & Club - East Course (Private),"5690 Cancha de Golf, Rancho Santa Fe, CA, 92091, (858) 756-2471, 9 holes - 3125 yards - par 36"
-117.209306,32.991195,Morgan Run Resort & Club - North Course (Private),"5690 Cancha de Golf, Rancho Santa Fe, CA, 92091, (858) 756-2471, 9 holes - 3176 yards - par 35"
-117.209306,32.991195,Morgan Run Resort & Club - South Course (Private),"5690 Cancha de Golf, Rancho Santa Fe, CA, 92091, (858) 756-2471, 9 holes - 3475 yards - par 36"
-116.955599,33.01485,Mt. Woodson Country Club -  (Public),"16422 N Woodson Dr, Ramona, CA, 92065, (760) 788-3555, 18 holes - 6113 yards - par 70"
-117.084296,32.661119,National City Golf Course -  (Municipal),"1439 Sweetwater Rd, National City, CA, 91950, (619) 474-1400, 9 holes - 2220 yards - par 34"
-117.057673,33.032937,Oaks North Golf Course - East Course (Public),"12602 Oaks North Dr, San Diego, CA, 92128, (858) 487-3021, 9 holes - 1665 yards - par 30"
-117.057673,33.032937,Oaks North Golf Course - North Course (Public),"12602 Oaks North Dr, San Diego, CA, 92128, (858) 487-3021, 9 holes - 1749 yards - par 30"
-117.057673,33.032937,Oaks North Golf Course - South Course (Public),"12602 Oaks North Dr, San Diego, CA, 92128, (858) 487-3021, 9 holes - 1859 yards - par 30"
-117.267852,33.162386,Ocean Hills Country Club -  (Private),"4701 Leisure Village Way, Oceanside, CA, 92056, (760) 758-8772, 18 holes - 2138 yards - par 55"
-117.32179,33.25218,Oceanside Golf Course -  (Public),"825 Douglas Dr, Oceanside, CA, 92058, (760) 433-1360, 18 holes - 6450 yards - par 72"
-116.981439,33.30127,Pauma Valley Country Club -  (Private),"15835 Pauma Valley Dr, Pauma Valley, CA, 92061, (760) 742-3721, 18 holes - 7077 yards - par 72"
-117.197025,32.756011,Presidio Hills Golf Course -  (Public),"4136 Wallace St, San Diego, CA, 92110, (619) 295-9476, 18 holes - 1325 yards - par 54"
-117.066971,33.029691,Rancho Bernardo Inn Golf Course -  (Public),"17550 Bernardo Oaks Dr, San Diego, CA, 92128, (858) 675-8470, 18 holes - 6631 yards - par 72"
-117.289256,33.146683,Rancho Carlsbad Golf Club -  (Public),"5200 El Camino Real, Carlsbad, CA, 92010, (760) 438-1772, 18 holes - 2396 yards - par 56"
-117.163757,33.31737,Rancho Monserate Country Club and Homeowners Association -  (Private),"4650 Dulin Rd, Fallbrook, CA, 92028, (760) 728-2316, 9 holes"
-117.209233,33.024761,Rancho Santa Fe Golf Club -  (Private),"5827 Via De La Cumbre, Rancho Santa Fe, CA, 92067, (858) 756-1182, 18 holes - 7035 yards - par 72"
-117.092674,33.161259,Reidy Creek Golf Course -  (Public),"2300 N Broadway, Escondido, CA, 92026, (760) 740-2450, 18 holes - 2600 yards - par 54"
-117.170399,32.76453,Riverwalk Golf Club - Friars Course (Public),"1150 Fashion Valley Rd, San Diego, CA, 92108, (619) 296-4653, 9 holes - 3230 yards - par 36"
-117.170399,32.76453,Riverwalk Golf Club - Mission Course (Public),"1150 Fashion Valley Rd, San Diego, CA, 92108, (619) 296-4653, 9 holes - 3153 yards - par 36"
-117.170399,32.76453,Riverwalk Golf Club - Presidio Course (Public),"1150 Fashion Valley Rd, San Diego, CA, 92108, (619) 296-4653, 9 holes - 3397 yards - par 36"
-117.212029,32.74134,Sail Ho Golf Club -  (Public),"2960 Truxtun Rd, San Diego, CA, 92106, (619) 222-4653, 9 holes - 1023 yards - par 27"
-116.95558,32.664838,Salt Creek Golf Club -  (Public),"525 Hunte Pkwy, Chula Vista, CA, 91914, (619) 482-4666, 18 holes - 6889 yards - par 72"
-117.062201,32.623277,San Diego Country Club -  (Private),"88 L St, Chula Vista, CA, 91911, (619) 422-8895, 18 holes - 6896 yards - par 72"
-117.213364,33.28645,San Luis Rey Downs Golf Resort -  (Public),"31474 Golf Club Dr, Bonsall, CA, 92003, (760) 758-3762, 18 holes - 6850 yards - par 72"
-116.807212,33.002681,San Vicente Inn & Golf Club -  (Public),"24157 San Vicente Rd, Ramona, CA, 92065, (760) 789-3477, 18 holes - 6633 yards - par 72"
-117.205449,32.7016,Sea N Air Golf Course -  (Private),"Naval Air Station North Island, San Diego, CA, 92135, (619) 545-9659, 18 holes - 6275 yards - par 72"
-117.230861,33.168235,Shadowridge Country Club -  (Private),"1980 Gateway Dr, Vista, CA, 92081, (760) 727-7706, 18 holes - 6854 yards - par 72"
-116.949513,33.207229,Skyline Ranch Country Club -  (Private),"18218 Paradise Mountain Rd, Valley Center, CA, 92082, (760) 749-3233, 9 holes"
-116.894093,32.743198,Steele Canyon Golf Club - Canyon Nine Course (Public),"3199 Stonefield Dr, Jamul, CA, 91935, (619) 441-6900, 9 holes - 3206 yards - par 35"
-116.894093,32.743198,Steele Canyon Golf Club - Meadow Nine Course (Public),"3199 Stonefield Dr, Jamul, CA, 91935, (619) 441-6900, 9 holes - 3273 yards - par 35"
-116.894093,32.743198,Steele Canyon Golf Club - Ranch Nine Course (Public),"3199 Stonefield Dr, Jamul, CA, 91935, (619) 441-6900, 9 holes - 3535 yards - par 36"
-117.038598,33.021939,StoneRidge Country Club -  (Private),"17166 Stoneridge Country Club Ln, Poway, CA, 92064, (858) 487-2138, 18 holes - 6425 yards - par 72"
-117.016036,32.770602,Sun Valley Fairways -  (Public),"5080 Memorial Dr, La Mesa, CA, 91941, (619) 466-6102, 9 holes - 1026 yards - par 27"
-116.885143,32.786488,Sycuan Resort - Oak Glen Course (Public),"3007 Dehesa Rd, El Cajon, CA, 92019, (800) 457-5568, 18 holes - 6597 yards - par 72"
-116.885143,32.786488,Sycuan Resort - Pine Glen Course (Public),"3007 Dehesa Rd, El Cajon, CA, 92019, (800) 457-5568, 18 holes - 2508 yards - par 54"
-116.885143,32.786488,Sycuan Resort - Willow Glen Course (Public),"3007 Dehesa Rd, El Cajon, CA, 92019, (800) 457-5568, 18 holes - 6605 yards - par 72"
-117.188217,32.794943,Tecolote Canyon Golf Course -  (Public),"2755 Snead Ave, San Diego, CA, 92111, (858) 279-1600, 18 holes - 3161 yards - par 58"
-117.188646,33.056989,The Bridges At Rancho Santa Fe -  (Private),"18550 Seven Bridges Rd, Rancho Santa Fe, CA, 92091, (858) 756-8700, 18 holes - 6901 yards - par 71"
-117.063569,33.031087,The Country Club of Rancho Bernardo -  (Private),"12280 Greens East Rd, San Diego, CA, 92128, (858) 487-1134, 18 holes - 6428 yards - par 71"
-117.150356,33.019158,The Crosby National Golf Club -  (Private),"17102 Bing Crosby Blvd, San Diego, CA, 92127, (858) 756-6310, 18 holes - 6800 yards - par 70"
-117.324645,33.150831,The Crossings At Carlsbad -  (Municipal),"5800 The Crossings Dr, Carlsbad, CA, 92008, (760) 444-1800, 18 holes - 6835 yards - par 72"
-117.176845,32.985793,The Farms Golf Club -  (Private),"8500 St. Andrews Road, Rancho Santa Fe, CA, 92067, (858) 756-5585, 18 holes - 6850 yards - par 72"
-117.201627,33.32132,The Golf Club of California -  (Private),"3742 Flowerwood Ln, Fallbrook, CA, 92028, (760) 451-3700, 18 holes - 6850 yards - par 72"
-117.199754,32.940409,The Grand Golf Club -  (Private),"5200 Grand del Mar Way, San Diego, CA, 92130, (877) 530-0636, 18 holes"
-117.148278,32.992881,The Santaluz Club -  (Private),"8170 Caminito Santaluz E, San Diego, CA, 92127, (877) 632-6300, 18 holes - 7112 yards - par 71"
-117.243433,32.904429,Torrey Pines Golf Course - North Course (Municipal),"11480 N Torrey Pines Rd, La Jolla, CA, 92037, (800) 985-4653, 18 holes - 6647 yards - par 72"
-117.243433,32.904429,Torrey Pines Golf Course - South Course (Municipal),"11480 N Torrey Pines Rd, La Jolla, CA, 92037, (800) 985-4653, 18 holes - 7607 yards - par 72"
-117.19095,32.851254,Town Park Villas Golf Course -  (Public),"6301 Gullstrand St, San Diego, CA, 92122, (858) 558-7273, 9 holes"
-117.16044,33.166897,Twin Oaks Golf Course -  (Public),"1425 N Twin Oaks Valley Rd, San Marcos, CA, 92069, (760) 591-4653, 18 holes - 6535 yards - par 72"
-117.054074,33.073165,Vineyard At Escondido -  (Municipal),"925 San Pasqual Rd, Escondido, CA, 92025, (760) 735-9545, 18 holes - 6531 yards - par 70"
-117.193445,33.247343,Vista Valley Country Club -  (Private),"29354 Vista Valley Dr, Vista, CA, 92084, (760) 758-2800, 18 holes - 6345 yards - par 71"
-117.141708,33.232512,Welk Resort San Diego - Fountains Course (Public),"8860 Lawrence Welk Dr, Escondido, CA, 92026, (760) 749-3225, 18 holes - 4024 yards - par 61"
-117.141708,33.232512,Welk Resort San Diego - Oaks Course (Public),"8860 Lawrence Welk Dr, Escondido, CA, 92026, (760) 749-3225, 18 holes - 1837 yards - par 54"
-116.938329,32.864006,Willowbrook Golf Course -  (Public),"11905 Riverside Dr, Lakeside, CA, 92040, (619) 561-1061, 9 holes - 5926 yards - par 72"
-117.014086,33.205258,Woods Valley Golf Club -  (Public),"14616 Woods Valley Rd, Valley Center, CA, 92082, (760) 751-3007, 18 holes - 6505 yards - par 72"
-117.12813,32.74857,Bacchus House ,"3054 University Ave., San Diego, CA"
-117.14641,32.76124,Bourbon Street ,"4612 Park Blvd., San Diego, CA "
-117.16045,32.73777,Caliph Lounge ,"3100 5th Ave. , San Diego, CA "
-117.14575,32.76233,Cheers ,"1839 Adams Ave., San Diego, CA "
-117.18822,32.74444,Club Montage ,"2028 Hancock St., San Diego, CA "
-117.15484,32.74825,Flicks ,"1017 University Ave., San Diego, CA  "
-117.16177,32.74896,Martinis Above Fourth ,"3940 4th Ave., San Diego, CA "
-117.16031,32.74759,Number One (#1) Fifth Ave. ,"3845 5th Ave., San Diego, CA  "
-117.14617,32.74768,Numbers ,"3811 Park Blvd., San Diego, CA "
-117.14269,32.74858,Pecs ,"2046 University Ave., San Diego, CA  "
-117.13029,32.75071,Redwing Bar & Grill ,"4012 30th St., San Diego, CA "
-117.15433,32.74828,Rich's San Diego ,"1051 University Ave., San Diego, CA  "
-117.12881,32.74754,San Diego Eagle,"3040 North Park Way, San Diego, CA  "
-117.16009,32.72425,SRO Lounge ,"1807 5th Ave., San Diego, CA "
-117.16952,32.72703,Tango Wine in Little Italy ,"2161 India St., San Diego, CA "
-117.16052,32.7468,The Brass Rail ,"3796 5th Ave., San Diego, CA "
-117.14662,32.74634,The Flame,"3780 Park Blvd., San Diego, CA "
-117.21077,32.74338,The Hole ,"2820 Lytton St., San Diego, CA  "
-117.16053,32.74356,The Loft ,"3610 5th Ave., San Diego, CA "
-117.16008,32.73857,Top of the Park ,"525 Spruce St., San Diego, CA "
-117.15317,32.74868,Universal Lounge ,"1202 University Ave., San Diego, CA "
-117.16257,32.7484,Urban Mos ,"308 University Ave., San Diego, CA "
-117.326424,33.179587,SDCCU - Carlsbad Hours: M-Th 9-5; Fri 9-6; Sat 9-4 San Diego County Credit Union - Carlsbad Branch,2530 El Camino Real
-117.076071,32.987456,SDCCU - Carmel Mountain Hours: M-Th 9-5; Fri 9-6; Sat 9-4 San Diego County Credit Union - Carmel Mountain Branch,12330 Carmel Mountain Road
-117.077396,32.634336,SDCCU - Chula Vista Hours: M-Th 9-5; Fri 9-6; Sat 9-4 San Diego County Credit Union - Chula Vista Branch,303-1 H Street; Chula Vista; CA 91910
-116.96571,32.647607,SDCCU - East Lake Hours: M-Th 9-5; Fri 9-6; Sat 9-4 San Diego County Credit Union - East Lake Branch,2280 Otay Lakes Road; Chula Vista; CA 91915
-116.965161,32.795366,SDCCU - El Cajon Hours: M-Th 9-5; Fri 9-6; Sat 9-4 San Diego County Credit Union - El Cajon Branch,312 W. Main Street; El Cajon; CA 92020
-117.262045,33.058961,SDCCU - Encinitas Hours: M-Th 9-5; Fri 9-6; Sat 9-4 San Diego County Credit Union - Encinitas Branch,501 N. El Camino Real; Encinitas; CA 92024
-117.073872,33.105993,SDCCU - Escondido Hours: M-Th 9-5; Fri 9-6; Sat 9-4 San Diego County Credit Union - Escondido Branch,1600 S. Escondido Boulevard; Escondido; CA 92025
-117.081093,33.123137,SDCCU - Escondido Civic Center Hours: M-Th 9-5; Fri 9-6; Sat 9-4 San Diego County Credit Union - Escondido Civic Center Branch,150 E. Valley Parkway; Escondido; CA 92025
-117.13094,32.833625,SDCCU - Kearny Mesa Hours: M-Th 9-5; Fri 9-6; Sat 9-4 San Diego County Credit Union - Kearny Mesa Branch,5500 Overland Avenue; San Diego; CA 92123
-117.223391,32.861735,SDCCU - La Jolla/UC Hours: M-Th 9-5; Fri 9-6; Sat 9-4 San Diego County Credit Union - La Jolla/UC Branch,7708 Regents Road; San Diego; CA 92122
-117.013845,32.780474,SDCCU - La Mesa Hours: M-Th 9-5; Fri 9-6; Sat 9-4 San Diego County Credit Union - La Mesa Branch,8555 Fletcher Parkway; La Mesa; CA 91942
-117.173732,32.906734,SDCCU - Mira Mesa Hours: M-Th 9-5; Fri 9-6; Sat 9-4 San Diego County Credit Union - Mira Mesa Branch,6705 Mira Mesa Boulevard; San Diego; CA 92121
-117.1296,32.780131,SDCCU - Mission Valley Hours: M-Th 9-5; Fri 9-6; Sat 9-4 San Diego County Credit Union - Mission Valley Branch,2245 Fenton Parkway; San Diego; CA 92108
-117.289898,33.242325,SDCCU - Oceanside Hours: M-Th 9-5; Fri 9-6; Sat 9-4 San Diego County Credit Union - Oceanside Branch,625 College Boulevard; Oceanside; CA 92057
-117.239549,32.801015,SDCCU - Pacific Beach Hours: M-Th 9-5; Fri 9-6; Sat 9-4 San Diego County Credit Union - Pacific Beach Branch,1650-A Garnet Avenue; San Diego; CA 92109
-117.233016,32.720348,SDCCU - Point Loma Hours: M-Th 9-5; Fri 9-6; Sat 9-4 San Diego County Credit Union - Point Loma Branch,1004 Rosecrans Street; San Diego; CA 92106
-117.029539,32.938519,SDCCU - Poway Hours: M-Th 9-5; Fri 9-6; Sat 9-4 San Diego County Credit Union - Poway Branch,14099 Stowe Drive; Poway; CA 92064
-117.192968,32.767988,SDCCU - San Diego Hours: M-Th 9-5; Fri 9-6; Sat 9-4 San Diego County Credit Union - San Diego Branch,5555 Mildred Street; San Diego; CA 92110
-117.181748,33.136661,SDCCU - San Marcos Hours: M-Th 9-5; Fri 9-6; Sat 9-4 San Diego County Credit Union - San Marcos Branch,790 West San Marcos Boulevard; San Marcos; CA 92078
-116.984136,32.844324,SDCCU - Santee Hours: M-Th 9-5; Fri 9-6; Sat 9-4 San Diego County Credit Union - Santee Branch,286 Town Center Parkway; Santee; CA 92071
-117.258947,32.993304,SDCCU - Solana Beach Hours: M-Th 9-5; Fri 9-6; Sat 9-4 San Diego County Credit Union - Solana Beach Branch,665 San Rodolfo Drive; Solana Beach; CA 92075
-117.22057,32.898751,SDCCU - Sorrento Valley Hours: M-Th 9-5; Fri 9-6 San Diego County Credit Union - Sorrento Valley Branch,10715 Sorrento Valley Road; San Diego; CA 92121
-117.241642,32.89353,SDCCU - Torrey Pines Hours: M-Th 9-5; Fri 9-6 San Diego County Credit Union - Torrey Pines Branch,3366 N. Torrey Pines Court; La Jolla; CA 92037
-117.272453,33.19206,SDCCU - Vista Hours: M-Th 9-5; Fri 9-6; Sat 9-4 San Diego County Credit Union - Vista Branch,1475 W. Vista Way; Vista; CA 92083
-117.195779,33.55295,SDCCU - Murrieta Hours: M-Th 9-5; Fri 9-6; Sat 9-4 San Diego County Credit Union - Murrieta Branch,25165 Madison Avenue; Murrieta; CA 92562
-117.104867,33.479022,SDCCU - Temecula Hours: M-Th 9-5; Fri 9-6; Sat 9-4 San Diego County Credit Union - Temecula Branch,31693 Temecula Parkway; Temecula; CA 92592
-117.152148,33.51986,SDCCU - Temecula North Hours: M-Th 9-5; Fri 9-6; Sat 9-4 San Diego County Credit Union - Temecula North Branch,29097 Overland Drive; Temecula; CA 92591
-117.695932,33.493359,SDCCU - Laguna Niguel Hours: M-Th 9-5; Fri 9-6; Sat 9-4 San Diego County Credit Union - Laguna Niguel Branch,32341 Golden Lantern; Laguna Niguel; CA 92677
-117.1077,32.628,Bayside Park,
-117.13874,32.62574,Silver Strand Beach,
-117.1325,32.576,Imperial Beach,
-117.2626,32.8049,Tourmaline Beach,
-117.216,32.7741,Stinkies,
-117.2401,32.7849,Sail Bay,
